Season,Daynum,team1,team2,Wloc,Numot,score_diff,fgm_diff,fga_diff,fgm3_diff,fga3_diff,ftm_diff,fta_diff,or_diff,dr_diff,ast_diff,to_diff,stl_diff,blk_diff,pf_diff,WorL
2003,19,1119,1181,H,0,0.470588235,0.266666667,0.144927536,0.714285714,0.631578947,0.709677419,0.717391304,0.5,0.033333333,0.277777778,-0.866666667,0.5,0.714285714,-1.214285714,0
2003,21,1172,1181,H,0,0.15625,0.032258065,0.044117647,-0.285714286,-0.15,0.5,0.512820513,0.411764706,0.133333333,0.05,-0.136363636,0,0.636363636,-0.380952381,0
2003,26,1181,1417,N,0,0.129411765,0.212121212,0.016666667,0.3,0.363636364,-0.5,-0.333333333,-0.416666667,0,0.333333333,-0.153846154,0.125,0,0.045454545,1
2003,29,1181,1326,N,0,0.163043478,0.142857143,0,0.181818182,0.208333333,0.178571429,0.277777778,-0.071428571,0.2,0.411764706,-0.285714286,0.222222222,0.2,-0.173913043,1
2003,33,1181,1276,H,0,0.268292683,0.233333333,0.161290323,-0.5,0.210526316,0.476190476,0.424242424,0.352941176,0.08,0.076923077,-0.857142857,0.733333333,0.333333333,-0.166666667,1
2003,43,1181,1299,N,0,0.369565217,0.142857143,0.152777778,-0.4,0.181818182,0.823529412,0.717391304,0.344827586,0,0,-1.066666667,0.4375,0.333333333,-0.666666667,1
2003,55,1173,1181,H,0,0.127906977,0,-0.340425532,0.125,-0.857142857,0.4,0.342105263,-0.666666667,0.260869565,0.368421053,0.210526316,-0.333333333,0.5,-0.173913043,0
2003,59,1181,1193,H,0,0.32183908,0.178571429,0.142857143,0.75,0.545454545,0.461538462,0.4,0.266666667,0.0625,0.222222222,-0.846153846,0.583333333,0.833333333,-0.086956522,1
2003,62,1155,1181,A,0,0.2,0.107142857,-0.113207547,0.833333333,0.541666667,0.08,0.0625,-0.727272727,-0.105263158,0.368421053,-0.2,0.545454545,0.5,0,0
2003,65,1181,1207,H,0,0.074468085,0,-0.166666667,0.166666667,-0.058823529,0.285714286,0.378378378,-0.076923077,0.264705882,0.133333333,-0.058823529,-0.125,-0.428571429,-0.083333333,1
2003,69,1181,1448,H,0,0.253333333,0.178571429,-0.120689655,0.545454545,0.095238095,0.272727273,0.1875,-1.222222222,-0.125,0.578947368,-0.461538462,0,0,0,1
2003,72,1181,1438,H,0,0.104761905,-0.066666667,-0.050847458,0.5,0.0625,0.263157895,0.024390244,-0.5,0.12,0.111111111,-0.25,-0.4,0,-0.222222222,1
2003,75,1181,1268,H,0,0.170454545,-0.074074074,-0.175438596,-0.142857143,-0.4375,0.666666667,0.34375,-0.076923077,0.375,0.444444444,0.058823529,0.2,0.428571429,-0.368421053,0
2003,79,1181,1301,H,0,0.111111111,0.125,-0.14893617,0.1,-0.227272727,0.076923077,0.114285714,-0.875,0.090909091,0.176470588,-0.066666667,-0.142857143,0.5,-0.409090909,0
2003,82,1181,1210,H,0,0.217391304,0.3125,0.112903226,0.5,0.214285714,-0.12,-0.117647059,0.125,0.37037037,0.5,-0.230769231,0.25,-0.125,-0.037037037,1
2003,87,1139,1181,H,0,0.24691358,0.206896552,-0.092592593,-0.666666667,-0.6875,0.6,0.5,0.230769231,0.517241379,0.272727273,0.266666667,-0.571428571,0.5,-0.818181818,0
2003,90,1181,1199,H,0,0.065789474,0.161290323,-0.431372549,-2.25,-3.75,0.307692308,0.318181818,-1.111111111,0.419354839,-0.285714286,0.277777778,-0.714285714,0.6,-0.1,0
2003,93,1181,1314,H,0,0.107142857,0.034482759,0.046153846,0,0.153846154,0.388888889,0.130434783,0.277777778,0.222222222,-0.071428571,0.117647059,0.416666667,-0.2,0.045454545,1
2003,97,1155,1181,H,0,0.151515152,0.090909091,0.206349206,0,0.64,0.315789474,0.413793103,0.428571429,-0.304347826,0.230769231,-0.588235294,0.25,0,-0.368421053,0
2003,101,1181,1448,H,2,0.147368421,0.25,-0.213114754,-0.75,-1.909090909,0.033333333,0.05,-0.25,0.472222222,0.6875,0.32,-2,0.166666667,-0.357142857,0
2003,103,1181,1438,A,0,0.240506329,0.193548387,0.102941176,0.166666667,-0.176470588,0.428571429,0.375,0.285714286,0.096774194,0,-0.307692308,0.375,0.285714286,-0.277777778,1
2003,107,1181,1268,H,0,0.065789474,0.172413793,0.144927536,0.125,0.304347826,-0.461538462,-0.15,0.315789474,0,-0.384615385,-0.083333333,-0.8,0.571428571,0.045454545,1
2003,110,1181,1301,H,0,0.1375,0.035714286,0.189655172,0.5,0.153846154,0.304347826,0.366666667,0.2,-0.466666667,0,-0.923076923,0.428571429,0.333333333,-0.19047619,1
2003,114,1181,1210,A,0,0.243589744,0.258064516,-0.054545455,0.75,0.555555556,-0.857142857,-0.142857143,-0.1,0.25,0.222222222,0.235294118,0.142857143,0.333333333,0,1
2003,118,1181,1385,H,0,0.01369863,0,0.26984127,-1,-1.428571429,0.227272727,0.142857143,0.454545455,-0.142857143,-0.375,-0.888888889,0.8,-0.5,-0.086956522,0
2003,122,1181,1199,H,0,0.219178082,0,0.035087719,0,0.25,0.64,0.448275862,0.176470588,0.291666667,-0.545454545,-0.136363636,0.076923077,-0.166666667,-0.090909091,1
2003,125,1181,1314,H,0,0.036144578,0.029411765,-0.2,0.142857143,-0.5,0,0.0625,-0.5,0.208333333,0.157894737,0.266666667,-1.5,0.428571429,-0.157894737,0
2003,130,1181,1438,N,0,0.083333333,-0.034482759,0.054545455,0.2,0.35,0.368421053,0.166666667,0,-0.1875,0.066666667,-0.25,0.272727273,-1.333333333,-0.1,1
2003,131,1181,1314,N,0,0.157894737,0.214285714,0.019607843,0.111111111,0,-0.071428571,0.045454545,-0.333333333,0.130434783,0.235294118,-0.230769231,0.3,0.142857143,0,1
2003,132,1181,1301,N,0,0.082352941,-0.08,-0.052631579,0.4,0.291666667,0.25,0.205882353,-0.181818182,0,-0.166666667,-0.454545455,0.222222222,0.2,-0.227272727,1
2003,136,1161,1181,N,0,0.147058824,0.05,0,0.2,0.142857143,0.269230769,0.28125,0.142857143,0.107142857,-0.8,-0.176470588,0.454545455,0.444444444,0.166666667,0
2003,138,1141,1181,N,0,0.298850575,0.333333333,-0.094339623,0.181818182,-0.125,0.153846154,0.117647059,-2,0.166666667,0.4,-0.833333333,0.6875,0.7,0.210526316,0
2003,143,1181,1242,N,0,0.057142857,0.133333333,0.029411765,-4.5,-1.076923077,0.454545455,0.5,0.368421053,0.233333333,0.2,0.166666667,-0.4,-0.333333333,-0.117647059,0
2004,19,1178,1181,H,0,0.161764706,-0.352941176,-0.02173913,0.285714286,0.636363636,0.7,0.702702703,0.416666667,-0.052631579,-0.222222222,-0.375,0,0.2,-1.071428571,0
2004,24,1181,1334,N,0,0.156626506,0.037037037,-0.169811321,0.6,0.333333333,0.227272727,0.357142857,-0.333333333,0.16,-0.307692308,0,-0.25,0.666666667,-0.043478261,1
2004,25,1181,1251,N,0,0.376623377,0.296296296,0.116666667,0.555555556,0.333333333,0.470588235,0.538461538,0.25,0,0.235294118,-0.642857143,0.4,0.75,-0.210526316,1
2004,26,1181,1345,N,0,0.126582278,0.034482759,-0.24137931,0,-0.4375,0.444444444,0.2,-1,0.192307692,0.1,0.111111111,-0.166666667,-1,0.142857143,0
2004,30,1181,1277,A,0,0.301369863,0.3,-0.02,0.666666667,0.4,0,0.210526316,-0.066666667,0.388888889,0.666666667,-0.235294118,0.470588235,0.714285714,-0.111111111,1
2004,33,1181,1385,H,0,0.2625,0.037037037,-0.055555556,0.428571429,0.066666667,0.727272727,0.733333333,0.157894737,0.166666667,0.166666667,-0.466666667,0.470588235,0.444444444,-0.692307692,1
2004,41,1181,1339,H,0,0.482352941,0.515151515,0.045454545,-0.142857143,0.173913043,0.533333333,0.541666667,-0.066666667,0.285714286,0.5,-1,0.692307692,0.733333333,-0.583333333,1
2004,44,1181,1343,H,0,0.257142857,0.08,0.053571429,0.571428571,0.05,0.625,0.6,0.2,0,0.214285714,-0.3125,0,-0.2,-0.266666667,1
2004,47,1181,1400,N,0,0.311111111,0.3125,-0.218181818,0.125,0,0.333333333,0.258064516,-0.466666667,0.533333333,0.277777778,0.142857143,0.25,0.571428571,-0.090909091,1
2004,56,1172,1181,H,0,0.382022472,0.393939394,0.109375,0.5,0.428571429,0.142857143,0.380952381,0.133333333,0.083333333,0.565217391,-0.769230769,0.5625,0.916666667,-0.5,0
2004,61,1155,1181,A,0,0.256756757,0.34375,0.196969697,0.75,0.652173913,-1.8,-2.285714286,0,0.086956522,0.466666667,-0.307692308,0.3,0.4,0.391304348,0
2004,64,1181,1193,H,0,0.41,0.371428571,0.123076923,0.454545455,0.5,0.454545455,0.366666667,-0.071428571,0,0.590909091,-1.363636364,0.647058824,0.222222222,-0.352941176,1
2004,69,1181,1438,A,0,0.234042553,0.257142857,0.045454545,0,0.052631579,0.2,-0.041666667,0.117647059,0.392857143,0.125,-0.083333333,0.166666667,0,0,1
2004,73,1181,1301,H,0,0.246753247,0.142857143,0.037037037,0.444444444,-0.133333333,0.466666667,0.444444444,0.3,0.173913043,0.157894737,-0.235294118,0.25,-0.2,-0.111111111,1
2004,75,1181,1448,H,0,0.141176471,0.137931034,-0.254545455,0.272727273,0.3,0.052631579,0.071428571,-0.4,0.321428571,0.409090909,0.277777778,-1,0.769230769,-0.04,1
2004,79,1181,1268,A,0,0.115942029,-0.04,0.166666667,0.5,0.473684211,0.428571429,0.444444444,0.56,0.038461538,0,-0.333333333,0.818181818,-1,-0.176470588,1
2004,82,1181,1207,A,0,0.220930233,0.277777778,0.063492063,0,-0.058823529,-0.111111111,0.076923077,0,0.227272727,-0.0625,-0.25,0.571428571,0.5,0.1,1
2004,87,1181,1199,H,0,0.122807018,0.095238095,-0.169811321,-0.142857143,-0.227272727,0.363636364,0.411764706,-1.1,0.083333333,-0.181818182,-0.384615385,-0.5,0.125,-0.333333333,1
2004,89,1181,1210,A,0,0.096385542,0.1,-0.186440678,0,-0.210526316,0.111111111,0,-0.384615385,0.333333333,0.176470588,0.318181818,-1.25,0.4,-0.136363636,1
2004,94,1181,1314,A,1,0.023809524,-0.178571429,-0.153846154,0.25,0.136363636,0.434782609,0.333333333,-0.466666667,0,0,-0.157894737,-1.2,0,-0.111111111,1
2004,97,1155,1181,H,0,0.317073171,0.192307692,0.153846154,0.4,0.444444444,0.5,0.181818182,0.1875,0.222222222,0.466666667,-0.352941176,0.642857143,-0.5,-0.083333333,0
2004,100,1181,1438,H,0,0.191489362,0.066666667,-0.01754386,0.111111111,0.25,0.464285714,0.4,0.266666667,0.36,0.111111111,-0.066666667,0.363636364,0.666666667,-0.238095238,1
2004,104,1181,1301,H,0,0.050632911,0.111111111,-0.117647059,-0.571428571,-0.846153846,0.095238095,0.12,-0.1,0.333333333,0.307692308,0.1875,0.125,-0.333333333,-0.2,0
2004,107,1181,1448,H,0,0.065934066,0.03030303,0.015384615,0,0.210526316,0.2,0.307692308,0.176470588,0,0.133333333,-0.066666667,-0.111111111,0.25,-0.294117647,0
2004,111,1181,1268,H,0,0.264367816,0.178571429,-0.090909091,0.4,0.416666667,0.375,0.066666667,-0.642857143,0.260869565,0.3125,-0.2,0.117647059,0.5,-0.1,1
2004,115,1181,1434,H,0,0.346938776,0.25,-0.153846154,0.75,0.555555556,0.285714286,0.25,-1.4,0.258064516,0.444444444,-0.416666667,0.333333333,0.666666667,-0.375,1
2004,118,1181,1199,A,0,0.070422535,-0.142857143,-0.038461538,0,0.346153846,0.44,0.366666667,-0.181818182,0,-0.222222222,-0.333333333,-0.125,0.5,-0.157894737,1
2004,121,1181,1210,A,0,0.103896104,0.074074074,-0.365384615,-0.5,-1.307692308,0.35,0.285714286,-0.769230769,0.433333333,0.2,0.16,-0.5,0.416666667,-0.043478261,0
2004,124,1181,1314,H,0,0.070422535,0.137931034,-0.118644068,-0.5,-0.916666667,-0.083333333,0.052631579,-1.1,-0.043478261,-0.230769231,-0.307692308,0.222222222,0.571428571,0.052631579,1
2004,130,1181,1438,N,0,0.117647059,0,-0.117647059,0.375,0.111111111,0.25,0.212121212,-0.714285714,0.083333333,-0.181818182,-0.117647059,0.25,0.833333333,-0.090909091,1
2004,131,1181,1210,N,0,0.162790698,0.103448276,-0.018181818,-0.6,-0.5,0.423076923,0.41025641,0.25,0.086956522,0.1875,-0.714285714,0.428571429,0.333333333,-0.272727273,1
2004,132,1181,1268,N,1,0.083333333,-0.133333333,-0.044117647,0,-0.571428571,0.484848485,0.288888889,0.058823529,0.060606061,0.5625,-0.285714286,0.2,-0.8,-0.333333333,0
2004,136,1106,1181,N,0,0.360824742,0.303030303,0.134328358,0.2,0.222222222,0.541666667,0.4375,0.444444444,0.233333333,0.6,-0.466666667,0.466666667,0.6,-0.05,0
2004,138,1181,1371,N,0,0.307692308,0.074074074,-0.183673469,0.2,-0.5,0.657142857,0.564102564,0.25,0.5,0.294117647,0,-0.25,0.75,-0.473684211,1
2004,144,1181,1228,N,0,0.136986301,0.068965517,-0.25,0.285714286,0.263157895,0.363636364,0.25,-1.5,0.08,0.1,0.071428571,0.454545455,0.5,-0.066666667,1
2004,146,1181,1462,N,0,0.044776119,-0.045454545,-0.163636364,0.555555556,0.238095238,0,-0.142857143,-0.545454545,0.166666667,0.4375,0.083333333,0.142857143,0.875,0.083333333,1
2004,152,1163,1181,N,0,0.0125,-0.111111111,-0.358490566,0,-0.916666667,0.318181818,0.272727273,-0.285714286,0.34375,-0.2,0.473684211,-0.5,0.428571429,-0.19047619,1
2005,19,1181,1404,H,0,0.471910112,0.322580645,0.210526316,0.7,0.607142857,0.75,0.612903226,0.592592593,0.25,0.294117647,-0.714285714,0.555555556,0.272727273,-0.352941176,1
2005,21,1172,1181,N,0,0.173333333,0.076923077,-0.033898305,-0.125,0.076923077,0.555555556,0.6,-0.416666667,-0.173913043,0.214285714,-0.727272727,0.636363636,0.8,-0.533333333,0
2005,26,1181,1422,H,0,0.545454545,0.5,0.126760563,0.9375,0.818181818,0.1,-0.0625,-0.133333333,0.258064516,0.695652174,-0.785714286,0.357142857,0.615384615,-0.133333333,1
2005,29,1181,1277,H,0,0.085365854,0.111111111,-0.019230769,0.333333333,0.238095238,-0.157894737,-0.230769231,-0.285714286,0.230769231,0.071428571,0,0.333333333,0.9,0.037037037,1
2005,33,1181,1434,N,0,0.340425532,0.405405405,0.071428571,0.5,0.5625,-0.133333333,-0.136363636,-0.444444444,0.291666667,0.4,-0.294117647,0.454545455,0.4,0,1
2005,41,1181,1405,H,0,0.337349398,0.35483871,0.256756757,0.333333333,0.25,0.222222222,0.045454545,0.545454545,0.225806452,0.157894737,-0.583333333,0.1,0.25,-0.25,1
2005,43,1181,1227,H,0,0.370786517,0.258064516,0.032258065,0.4,0.5,0.65,0.4,-0.066666667,0.307692308,0.470588235,-0.6,0.266666667,0.736842105,-0.352941176,1
2005,47,1181,1328,N,0,0.139240506,0.142857143,-0.192307692,0,0.230769231,0.142857143,0.212121212,-0.7,0.321428571,0.333333333,-0.071428571,-0.375,0.714285714,-0.090909091,1
2005,62,1155,1181,H,0,0.126984127,0.086956522,-0.016393443,0.857142857,0.681818182,-0.153846154,0.136363636,-0.117647059,0.107142857,0.1,-0.090909091,0.214285714,-0.333333333,-0.095238095,0
2005,65,1181,1343,H,0,0.216666667,-0.166666667,-0.125,0.5,-0.384615385,0.739130435,0.730769231,0.466666667,0.285714286,-0.222222222,0.157894737,-0.272727273,0.333333333,-0.428571429,1
2005,68,1181,1396,H,0,0.096385542,0,-0.105263158,0.428571429,0.457142857,0.125,0.052631579,-0.166666667,0.230769231,0.307692308,0.142857143,-1.6,0.666666667,-0.117647059,1
2005,73,1181,1301,A,0,0.137931034,0.071428571,-0.113207547,0.25,0.136363636,0.230769231,0.166666667,-0.090909091,0.304347826,-0.6,0,0,-0.5,-0.090909091,1
2005,76,1181,1438,H,0,0.172839506,0.206896552,-0.142857143,0.666666667,0.55,-0.235294118,0.153846154,-0.307692308,0.230769231,0.538461538,0,0,0.866666667,-0.210526316,1
2005,79,1181,1274,A,0,0.096774194,-0.125,-0.5,0.454545455,0.363636364,0.571428571,0.592592593,-2,0.28,0.3,0.153846154,-0.4,0.5,-0.533333333,1
2005,82,1181,1199,A,0,0.359550562,0.375,-0.01754386,0.583333333,0.291666667,0.0625,-0.052631579,-0.25,0.444444444,0.666666667,-0.090909091,-0.111111111,0,-0.153846154,1
2005,86,1181,1268,A,0,0.118421053,0.074074074,-0.140625,-1,-1.166666667,0.428571429,0.28,-0.1,0.333333333,-0.5,0.166666667,-0.454545455,-0.125,-0.1875,0
2005,90,1181,1439,H,0,0.346534653,0.193548387,-0.015625,0.636363636,0.592592593,0.516129032,0.52,-0.058823529,0.037037037,0.4,-0.545454545,0.090909091,-1,-0.619047619,1
2005,93,1181,1448,H,0,0.032258065,0.114285714,0.173333333,-0.555555556,-0.315789474,0,0,0.333333333,-0.045454545,-0.25,-0.75,0.333333333,0,-0.25,0
2005,96,1181,1210,H,0,0.204819277,-0.08,-0.015384615,0.583333333,0.535714286,0.583333333,0.53125,0.157894737,0.068965517,-0.230769231,-0.266666667,-0.090909091,0.5,-0.411764706,1
2005,100,1181,1314,H,0,0.013888889,-0.238095238,-0.01754386,0.636363636,0.423076923,0.181818182,-0.043478261,-0.636363636,-0.421052632,0.153846154,-0.5,0.722222222,0.285714286,-0.05,1
2005,103,1181,1268,H,1,0.07,0.117647059,0.026315789,-1.4,-1.636363636,0.2,0.225,0.176470588,0.171428571,0.380952381,-0.090909091,-0.666666667,0.444444444,-0.391304348,0
2005,108,1181,1439,H,0,0.029411765,0.076923077,0.076923077,-0.75,-1.555555556,0.066666667,0,0.5,0.225806452,0,0.4,-1,0.307692308,0.058823529,0
2005,111,1181,1448,H,0,0.097087379,0.090909091,-0.054545455,0.307692308,0.434782609,0,-0.058823529,-0.625,0.052631579,0.1875,-0.133333333,0,0.5,-0.035714286,1
2005,114,1181,1210,A,0,0.06557377,-0.25,-0.01754386,0.9,0.76,0.357142857,0.347826087,0.1875,-0.04,0,0,-0.2,0.166666667,-0.095238095,1
2005,117,1181,1385,A,0,0.186440678,-0.058823529,-0.019230769,0.857142857,0.791666667,0.333333333,0.321428571,0.1875,0.115384615,0.090909091,0.041666667,-0.083333333,-2.5,-0.294117647,1
2005,122,1181,1274,H,0,0.285714286,0.076923077,0.031746032,0.733333333,0.617647059,0.45,0.48,0.1875,0.076923077,0.529411765,-0.285714286,0.333333333,0.111111111,-0.333333333,1
2005,125,1181,1314,H,0,0.026315789,0.035714286,0.161764706,-5,-1.5,0.476190476,0.259259259,0.590909091,0.178571429,-0.2,-0.083333333,0.222222222,-1,-0.166666667,0
2005,130,1181,1438,N,0,0.155844156,0.08,0.106060606,0.363636364,0.448275862,0.210526316,0.259259259,0.625,0.28125,0.357142857,0.153846154,0,0,-0.235294118,1
2005,131,1181,1301,N,0,0.090909091,0.137931034,0.01754386,0.25,-0.083333333,-0.4,0.05,0.0625,0,0.294117647,-0.3,0.8,0.5,-0.052631579,1
2005,132,1181,1210,N,0,0.071428571,0.043478261,-0.263157895,-0.25,-0.235294118,0.173913043,0.323529412,-0.235294118,0.161290323,0.2,0.411764706,-0.8,0.4,-0.272727273,1
2005,137,1175,1181,N,0,0.189655172,-0.176470588,-0.325,0.142857143,0.238095238,0.8,0.766666667,-0.666666667,0.214285714,-0.1,-0.333333333,0.333333333,0.714285714,-0.5,0
2005,139,1181,1280,N,0,0.125,-0.05,-0.235294118,0.444444444,0.363636364,0.333333333,0,-0.357142857,0.290322581,-0.111111111,0.352941176,0.111111111,0.142857143,0.130434783,1
2005,144,1181,1277,N,0,0.126582278,0.178571429,0.212121212,-0.333333333,-0.6,0.1,-0.041666667,0.411764706,-0.086956522,0.307692308,-0.352941176,0.142857143,-2,0,0
2006,14,1131,1181,H,0,0.261538462,0,0.178571429,0.5,0.294117647,0.833333333,0.814814815,0.307692308,-0.625,-0.857142857,-1.454545455,0.5625,-0.25,-1,0
2006,16,1181,1371,H,0,0.563829787,0.611111111,0.017857143,0.727272727,0.421052632,0.071428571,0.05,-0.333333333,0.5,0.739130435,-0.2,-0.222222222,0,-0.166666667,1
2006,19,1172,1181,H,0,0.341176471,0.28125,0.033333333,0.818181818,0.590909091,0.153846154,0.333333333,-0.2,0.16,0.352941176,-0.5,0.333333333,0.833333333,-0.266666667,0
2006,23,1180,1181,N,0,0.126582278,0,-0.218181818,-0.75,-0.294117647,0.590909091,0.482758621,-1.428571429,0,-0.181818182,-0.4,0.166666667,-0.5,-0.375,0
2006,25,1181,1272,N,0,0.042253521,-0.076923077,-0.288461538,-0.166666667,-0.846153846,0.5,0.461538462,-0.727272727,0.08,0.066666667,-0.076923077,-0.111111111,-0.75,-0.5,1
2006,30,1181,1231,A,0,0.105263158,0,-0.052631579,0.625,0.388888889,0.272727273,0.066666667,0,0.115384615,0.35,0.15,0,0.666666667,-0.3125,1
2006,34,1181,1439,H,0,0.025641026,-0.222222222,-0.105263158,0.555555556,0.476190476,0.5,0.409090909,-0.1,-0.136363636,0,0.125,0.166666667,0.555555556,-0.105263158,1
2006,37,1181,1335,H,0,0.178082192,0.041666667,-0.1875,-0.285714286,-0.1,0.619047619,0.555555556,-1.142857143,0.045454545,-0.166666667,-0.5,0.470588235,0.4,-0.05,1
2006,40,1181,1400,N,0,0.316326531,0.125,-0.016949153,0.692307692,0.434782609,0.583333333,0.48,-0.333333333,0.166666667,0.5,-1.125,0.363636364,0.714285714,-0.1875,1
2006,48,1181,1434,H,0,0.257142857,0.028571429,-0.15,0.666666667,0.25,0.655172414,0.567567568,-0.25,0.115384615,0.272727273,-0.25,0.363636364,0.6,-0.35,1
2006,51,1181,1385,H,0,0.183098592,0.074074074,-0.090909091,0.6,0.533333333,0.4,0.238095238,-1,0.148148148,0.421052632,-0.214285714,0.285714286,0.6,-0.058823529,1
2006,61,1181,1422,A,0,0.32038835,0.212121212,0.035087719,0.5,0.260869565,0.464285714,0.310344828,0.333333333,0.444444444,0.235294118,-0.214285714,0.461538462,-0.333333333,-0.411764706,1
2006,63,1137,1181,H,0,0.4,0.454545455,0.066666667,-0.6,-0.05,0.411764706,0.304347826,-0.181818182,0.310344828,0.523809524,-0.615384615,0.466666667,0.8,-0.533333333,0
2006,69,1181,1448,A,0,0.21686747,0.103448276,-0.115384615,0.8,0.517241379,0,-0.133333333,-1,0.052631579,0.125,0,0.461538462,-0.25,0.055555556,1
2006,72,1181,1268,H,0,0.311688312,0.259259259,-0.032258065,0.545454545,0.5,0.266666667,0.3,-0.571428571,0,0.631578947,-0.428571429,0.5,0.2,-0.333333333,1
2006,75,1155,1181,A,0,0.113636364,-0.214285714,-0.291666667,-0.2,-0.5,0.766666667,0.405405405,-1,0.166666667,0.466666667,-0.272727273,0.2,0.166666667,-0.142857143,0
2006,79,1181,1301,H,0,0.158536585,-0.074074074,0.06779661,0.75,0.586206897,0.421052632,0.37037037,0.166666667,-0.130434783,0.3,-0.636363636,0.5,-0.6,-0.222222222,1
2006,82,1181,1207,H,0,0.034090909,0.060606061,-0.113207547,-0.428571429,-0.333333333,0.111111111,0.16,-0.222222222,0.227272727,0.52,0.058823529,-0.222222222,-0.25,-0.095238095,0
2006,87,1181,1439,A,0,0.160493827,0.066666667,-0.066666667,0.333333333,0.55,0.388888889,-0.095238095,-0.181818182,0.303030303,0.375,0.411764706,-1.5,-0.4,0.166666667,1
2006,89,1181,1438,H,0,0.228915663,0.222222222,-0.1875,0.545454545,0.473684211,0.047619048,0.08,-1.285714286,0.260869565,0.476190476,-0.111111111,0.333333333,0.636363636,-0.047619048,1
2006,93,1130,1181,A,0,0.023809524,-0.28,-0.163636364,-0.428571429,-0.0625,0.633333333,0.631578947,-0.076923077,-0.095238095,-0.846153846,-0.142857143,0.272727273,0.777777778,-0.4,0
2006,96,1181,1199,H,1,0.010204082,-0.433333333,-0.323076923,0.666666667,0.52173913,0.65625,0.727272727,-0.571428571,-0.208333333,0.095238095,-0.105263158,-0.1,0.75,-0.8125,1
2006,99,1181,1314,A,0,0.045454545,0.066666667,-0.133333333,0.363636364,0.238095238,-0.2,-0.2,-1.875,-0.2,0,-0.294117647,0.357142857,0.166666667,0.12,1
2006,103,1181,1268,A,0,0.082474227,-0.1,-0.161290323,0.583333333,0.583333333,0.25,0.03030303,-0.538461538,0.3,0.117647059,0.176470588,0.285714286,0.333333333,-0.136363636,1
2006,106,1181,1448,H,0,0.244680851,0.222222222,-0.112903226,0.428571429,0.526315789,0.222222222,-0.105263158,-1.857142857,0.153846154,0.476190476,-0.461538462,0.307692308,0.333333333,0.052631579,1
2006,111,1181,1274,H,0,0.225806452,-0.192307692,-0.423076923,0.857142857,0.5,0.633333333,0.5,-1.111111111,0.230769231,0.235294118,0.294117647,-0.5,0.25,-0.6,1
2006,114,1181,1210,A,0,0.094594595,-0.071428571,0.033333333,0.5,0.615384615,0.529411765,0.576923077,0.153846154,-0.181818182,-0.117647059,-0.75,0.333333333,-1.5,-0.466666667,1
2006,117,1181,1396,A,0,0.106666667,-0.304347826,-0.469387755,0.166666667,0.142857143,0.807692308,0.725,-0.142857143,0.40625,0.421052632,0.333333333,-1.333333333,-0.333333333,-0.933333333,1
2006,121,1181,1199,H,0,0.0625,-0.318181818,-0.049180328,-0.5,-0.4375,0.666666667,0.56097561,0.19047619,-0.043478261,-0.625,-0.5,0.428571429,-1.666666667,-0.631578947,0
2006,124,1181,1314,A,0,0.083333333,0.032258065,-0.028985507,-0.333333333,-0.588235294,0.368421053,0.333333333,0.153846154,0.147058824,-0.058823529,0,-0.375,-0.25,-0.111111111,0
2006,130,1181,1274,N,0,0.049382716,-0.076923077,-0.032258065,0.461538462,0.545454545,0.105263158,0.083333333,-0.466666667,-0.368421053,-0.071428571,-0.363636364,0.5,0.25,0.125,1
2006,131,1181,1448,N,0,0.151898734,-0.04,-0.150943396,-0.142857143,-0.086956522,0.6,0.575757576,-1.428571429,-0.166666667,0,-1.5,0.555555556,0,-0.315789474,1
2006,132,1130,1181,N,0,0.025316456,-0.192307692,-0.039215686,0.3,0.294117647,0.45,0.4,-0.166666667,-0.380952381,-0.454545455,-0.363636364,0.444444444,-0.75,-0.277777778,0
2006,136,1181,1380,N,0,0.225352113,0.08,-0.26,0.166666667,0.125,0.611111111,0.476190476,-0.7,0.37037037,0.4375,0.19047619,-0.5,0.444444444,-0.75,1
2006,138,1181,1203,N,0,0.173333333,0,-0.533333333,0.142857143,-0.117647059,0.444444444,0.473684211,-1,0.322580645,0.153846154,0.210526316,-0.8,0.636363636,-0.875,1
2006,143,1181,1261,N,0,0.126984127,0.24,-0.064516129,-1,-2.375,-0.076923077,0.291666667,-0.058823529,0.066666667,0.133333333,-0.0625,-0.25,0.4,-0.117647059,0
2007,13,1162,1181,H,0,0.494252874,0.448275862,-0.06122449,0.285714286,-0.058823529,0.6,0.594594595,-0.083333333,0.428571429,0.529411765,-0.428571429,0.416666667,0.833333333,-0.526315789,0
2007,14,1181,1204,H,0,0.328767123,0.2,-0.285714286,-0.666666667,-1.833333333,0.695652174,0.545454545,-0.272727273,0.352941176,0.25,0.142857143,-0.1,0.857142857,-0.411764706,1
2007,17,1181,1422,H,0,0.355263158,0.40625,0.016949153,0,-0.5,0.1,0.117647059,-0.058823529,0.423076923,0.473684211,-0.136363636,0.555555556,0.222222222,0.111111111,1
2007,21,1102,1181,N,0,0.208333333,0.192307692,0,0.25,-0.571428571,0.2,0.222222222,0.7,0.590909091,0.133333333,0.333333333,0,-3,-0.25,0
2007,22,1181,1266,N,0,0.148648649,0.25,0.1,0,0.125,-0.2,0.173913043,0,-0.210526316,0,-1,0.454545455,-0.333333333,-0.052631579,0
2007,26,1172,1181,H,0,0.368421053,0.24,-0.361702128,0.333333333,-1,0.608695652,0.685714286,-0.307692308,0.366666667,0.4375,0.055555556,0.3,0.714285714,-0.526315789,0
2007,29,1181,1231,H,0,0.054545455,-0.4,-0.177777778,0.285714286,0.473684211,0.619047619,0.466666667,-0.181818182,0,0.1,-0.0625,0.1,0.333333333,-0.333333333,1
2007,33,1181,1207,H,0,0.14516129,-0.222222222,-0.111111111,0.571428571,-0.071428571,0.590909091,0.5,0.071428571,0.19047619,-0.181818182,0.052631579,0.5,0.285714286,-0.052631579,1
2007,37,1181,1221,H,0,0.206896552,0.1,-0.068181818,0.428571429,-0.0625,0.357142857,0.607142857,0.375,0.2,0.2,0,-0.714285714,0.2,-0.5625,1
2007,40,1181,1206,H,0,0.228571429,0.115384615,-0.058823529,0.5,0.142857143,0.454545455,0.333333333,-0.714285714,0,0.409090909,-0.333333333,0.142857143,0,-0.1875,1
2007,50,1181,1245,H,0,0.0875,-0.24,-0.176470588,0.222222222,0.277777778,0.708333333,0.636363636,0,0.083333333,-0.111111111,-0.055555556,0.083333333,0.7,-0.529411765,1
2007,52,1181,1211,N,0,0.112903226,-0.15,-0.035714286,0.777777778,0.652173913,0.375,0.47826087,0.214285714,-0.074074074,0.153846154,-0.571428571,0.2,0,-0.533333333,1
2007,62,1181,1363,H,0,0.267605634,0.206896552,-0.114754098,0.6,0.277777778,0.363636364,0.333333333,-0.363636364,0.2,0.647058824,-0.083333333,0,0,-0.461538462,1
2007,64,1181,1396,H,0,0.243243243,0.172413793,-0.133333333,0.333333333,-0.1875,0.461538462,0.444444444,0.2,0.5,0.588235294,0.4375,-1.166666667,0.571428571,0,1
2007,68,1181,1439,A,1,0.028571429,0.148148148,0.245901639,-0.2,-0.181818182,-0.357142857,-0.526315789,-0.125,-0.304347826,-0.090909091,-1.875,0.733333333,-0.5,0.227272727,0
2007,72,1181,1210,H,0,0.146666667,-0.173913043,-0.525,0.375,-0.615384615,0.666666667,0.6,-0.428571429,0.444444444,0,0.379310345,0.083333333,0.5,-0.111111111,0
2007,76,1181,1274,A,0,0.255813953,0.172413793,-0.142857143,0.25,-0.071428571,0.434782609,0.3,0.25,0.538461538,0.333333333,0.176470588,-0.571428571,0,-0.142857143,1
2007,80,1181,1448,H,0,0.349206349,0.32,0.109090909,0.428571429,0.4,0.333333333,0.1875,0,0.185185185,0.647058824,-0.375,0.4,-0.2,0,1
2007,82,1181,1301,A,0,0.2875,0.53125,0.3,0.375,0.428571429,-1.272727273,-1,0.375,0.12,0.529411765,-0.75,0.642857143,0,0.333333333,1
2007,87,1155,1181,H,0,0.028985507,-0.04,0.050847458,-0.166666667,-0.117647059,0.3125,0.368421053,0.611111111,0.208333333,0.071428571,0.235294118,-0.1,-1,-0.454545455,0
2007,90,1130,1181,H,0,0.184210526,0.275862069,-0.035087719,-0.25,-0.545454545,-0.058823529,-0.3,-0.1875,0.518518519,0.25,0.2,-0.333333333,0.333333333,0.095238095,0
2007,94,1181,1438,H,1,0.028985507,-0.08,-0.016949153,-0.2,-0.357142857,0.411764706,0.4,0,-0.04,0,-0.222222222,0.25,-1.333333333,-0.111111111,0
2007,97,1181,1199,A,0,0.014492754,0.111111111,0.086206897,0.222222222,0.058823529,-0.777777778,-0.75,0,-0.090909091,0.153846154,-0.076923077,0.428571429,-2.5,0.15,0
2007,100,1181,1314,A,0,0.075,0.125,-0.032258065,-1,-0.461538462,0.133333333,-0.052631579,-0.090909091,0.233333333,0.266666667,-0.214285714,-0.125,-0.428571429,-0.055555556,0
2007,104,1181,1268,H,0,0.164383562,0.1875,0.092307692,-0.666666667,-0.875,0.222222222,-0.555555556,-0.166666667,0.083333333,0.333333333,-0.125,0,-0.5,0.111111111,0
2007,107,1130,1181,A,0,0.101265823,0.352941176,0.316666667,0.222222222,0.333333333,-3.6,-1.636363636,0.571428571,0.052631579,0.35,-0.25,0.545454545,-2,0.19047619,0
2007,111,1181,1210,H,0,0.125,-0.260869565,-0.276595745,0.6,0.619047619,0.789473684,0.827586207,-0.363636364,-0.210526316,0.117647059,-0.210526316,0.375,0.2,-0.714285714,1
2007,115,1155,1181,A,0,0.069444444,-0.08,-0.191489362,0.25,0.066666667,0.411764706,0.173913043,-0.571428571,0.230769231,-0.333333333,0.117647059,-2,-3,-0.047619048,0
2007,118,1181,1385,A,0,0.25,0.142857143,-0.085106383,0.285714286,-0.307692308,0.409090909,0.433333333,0.083333333,0.2,0.153846154,-0.25,-0.125,0.375,-0.2,1
2007,121,1181,1268,A,0,0.093023256,0.117647059,-0.109375,-0.25,-0.642857143,0.153846154,0.166666667,-0.5,0.275862069,0.615384615,0.071428571,-0.5,0.444444444,-0.166666667,0
2007,125,1181,1314,H,0,0.16091954,0.125,-0.031746032,-1.666666667,-1.4,0.47826087,0.392857143,-0.166666667,0.178571429,0.368421053,-0.333333333,0.222222222,0.5,-0.19047619,0
2007,129,1181,1301,N,1,0.058139535,0.03125,-0.192307692,-1,-1.181818182,0.4,0.466666667,-0.3,0.142857143,0.333333333,-0.1875,0.5,0.333333333,-0.421052632,0
2007,136,1181,1433,N,0,0.025,-0.037037037,0.048387097,0.6,0.294117647,-0.105263158,-0.32,-0.266666667,-0.388888889,0.2,-0.5,0.571428571,-2.5,0.259259259,0
2008,4,1181,1300,H,0,0.532786885,0.45,0.128571429,0.588235294,0.344827586,0.678571429,0.606060606,0.421052632,0.516129032,0.5,-0.421052632,0,0.6,-0.473684211,1
2008,7,1181,1308,H,0,0.287356322,0.212121212,0.176470588,0.5,0.333333333,0.428571429,0.3,0.461538462,0.074074074,0.315789474,-0.5,0.75,0.428571429,-0.285714286,1
2008,14,1181,1343,N,0,0.261904762,0.342857143,0.36,-0.333333333,0.25,0,0.0625,0.80952381,0.04,0.333333333,-0.833333333,0.5,0.2,-0.111111111,1
2008,15,1181,1228,N,0,0.1625,0.185185185,-0.404255319,0.285714286,-0.214285714,0.045454545,0,-2.833333333,0.259259259,0.083333333,0.076923077,0,0.375,-0.217391304,1
2008,16,1181,1266,N,0,0.051282051,0,-0.094339623,-0.142857143,0,0.25,0.25,0.153846154,0.230769231,-0.230769231,0.2,-1.666666667,-0.333333333,-0.647058824,1
2008,20,1181,1184,H,0,0.443037975,0.37037037,0.125,0.583333333,0.444444444,0.5,0.666666667,0.454545455,0.1,0.277777778,-0.523809524,0.083333333,0.25,-0.3125,1
2008,22,1181,1458,H,0,0.289156627,0.074074074,-0.064516129,0.666666667,0.4,0.6,0.416666667,-0.384615385,0.103448276,0.2,-0.266666667,0.363636364,0.666666667,0.052631579,1
2008,26,1172,1181,A,0,0.075,-0.107142857,-0.189655172,0.25,0.038461538,0.6,0.458333333,-0.272727273,0.129032258,0.111111111,0.117647059,-0.25,-0.333333333,-0.15,0
2008,33,1181,1276,H,0,0.291666667,0.315789474,0.118421053,0.416666667,0.285714286,-0.090909091,-0.066666667,0,0.066666667,0.4,-0.777777778,0.5,-0.75,-0.142857143,1
2008,42,1107,1181,H,0,0.366071429,0.205128205,-0.015625,0.75,0.37037037,0.619047619,0.685714286,-0.333333333,-0.083333333,0.523809524,-1.444444444,0.3,0.2,-1.333333333,0
2008,45,1181,1338,N,1,0.015151515,0,0.060606061,-0.25,0,0.117647059,-0.08,0.4,0.171428571,-0.181818182,0.086956522,0.444444444,0.6,-0.041666667,0
2008,62,1165,1181,H,0,0.170731707,0.066666667,0.090909091,0,0.416666667,0.555555556,0.538461538,0.470588235,0.148148148,0.058823529,-0.266666667,0.4,0.6,-0.333333333,0
2008,65,1181,1396,A,0,0.133333333,0.045454545,-0.053571429,0.222222222,0.045454545,0.24,0.066666667,-0.636363636,0.033333333,0.142857143,-0.4,0.181818182,-0.8,-0.217391304,1
2008,69,1181,1438,H,0,0.25,0.257142857,0.117647059,0.583333333,0.53125,-0.333333333,-0.307692308,0,0.041666667,0.545454545,-0.538461538,0.615384615,0.25,0,1
2008,72,1181,1199,A,0,0.183098592,0.115384615,-0.086206897,0.5,0.5,0.214285714,0.263157895,0.142857143,0.3125,0.272727273,0.285714286,-0.444444444,0,-0.15,1
2008,75,1155,1181,H,0,0.138297872,-0.0625,-0.06779661,0.375,0.434782609,0.56,0.272727273,-1,-0.333333333,-0.2,-0.833333333,0.642857143,0.4,-0.090909091,0
2008,80,1181,1439,A,0,0.207317073,0.2,0.080645161,0.666666667,0.391304348,-0.0625,-0.076923077,-0.444444444,0.068965517,0.375,-0.769230769,0.5,-0.8,0.038461538,1
2008,83,1181,1268,A,0,0.095744681,0.03030303,0.15942029,0.285714286,0.315789474,0.208333333,0.066666667,0.25,-0.227272727,-1.5,-1.090909091,0.642857143,-0.5,0.125,1
2008,87,1181,1301,H,0,0.215053763,0.242424242,0.210526316,0.5,0.523809524,-0.05,-0.142857143,0.214285714,-0.0625,0.25,-0.583333333,0.454545455,0.25,-0.04,1
2008,89,1181,1274,H,0,0.168539326,-0.153846154,0.032258065,0.692307692,0.612903226,0.518518519,0.463414634,0.35,-0.086956522,0.142857143,-0.25,0.166666667,0.875,-0.333333333,1
2008,93,1181,1314,A,0,0.122222222,0.064516129,-0.044776119,0.714285714,0.4,-0.176470588,-0.107142857,-0.75,-0.071428571,-0.058823529,-0.3125,0.666666667,0.285714286,-0.08,1
2008,96,1130,1181,H,0,0.10989011,-0.03125,0.169014085,0.111111111,0.416666667,0.523809524,0.588235294,0.5,-0.555555556,-0.0625,-2.142857143,0.454545455,-0.333333333,-0.933333333,0
2008,100,1181,1268,H,0,0.153846154,-0.166666667,-0.13559322,0.692307692,0.461538462,0.55,0.5,-0.857142857,-0.096774194,0.25,-0.428571429,0.466666667,-0.4,-0.3125,1
2008,104,1181,1448,H,0,0.149425287,0.035714286,-0.06557377,-0.5,-1.416666667,0.5,0.333333333,0,0.21875,-0.181818182,-0.15,-0.125,0.666666667,-0.523809524,0
2008,107,1181,1274,H,0,0.010309278,0.138888889,-0.080645161,-1,-1.533333333,-0.05,0.068965517,-0.545454545,0.04,0,-0.043478261,0,0.75,-0.04,0
2008,110,1181,1385,H,0,0.344827586,0.322580645,0.075757576,0.636363636,0.461538462,0.176470588,0.115384615,0.111111111,0.137931034,0.235294118,-0.266666667,0.083333333,0.571428571,-0.05,1
2008,114,1181,1210,H,0,0.180555556,0.04,-0.087719298,-1,0.0625,0.636363636,0.612903226,-0.2,0.041666667,0.636363636,-1.1,0.666666667,-1.333333333,-0.625,1
2008,117,1181,1301,A,0,0.011363636,-0.217391304,0.120689655,0.428571429,0.517241379,0.161290323,0.210526316,0.2,-0.631578947,-0.066666667,-1,0.166666667,0,-0.272727273,1
2008,121,1181,1438,A,0,0.183908046,0.176470588,0.106060606,0.461538462,0.321428571,-0.222222222,0.066666667,0.25,0,0.222222222,-0.25,0.2,-1.5,0.125,1
2008,124,1181,1314,A,0,0.103896104,0.1875,0,-0.833333333,-1.5,0.1,0.230769231,0.047619048,0.235294118,-0.076923077,-0.076923077,0.428571429,0.5,-0.142857143,0
2008,130,1181,1210,N,0,0.144578313,0.034482759,-0.127272727,0.3,0.25,0.388888889,0.481481481,-0.076923077,0.173913043,0.222222222,-0.076923077,0.5,0.285714286,-0.105263158,1
2008,131,1155,1181,N,0,0.050632911,0.068965517,-0.089285714,0.125,-0.35,-0.0625,0.217391304,-0.444444444,0.043478261,0.1875,0,0.1,0.6,-0.125,1
2008,136,1125,1181,N,0,0.013888889,-0.038461538,-0.016949153,-0.285714286,-0.090909091,0.3125,0.272727273,0.285714286,0.107142857,-0.3,0.0625,0.333333333,0,-0.222222222,0
2008,138,1181,1452,N,0,0.081081081,0.230769231,0.19047619,-0.2,-0.916666667,-0.25,-0.434782609,0.6,0.275862069,0.461538462,0.222222222,-2.5,0.333333333,0.076923077,0
2009,7,1181,1342,H,0,0.382716049,0.451612903,0.15625,0,-0.5,0.166666667,0.090909091,0.266666667,0.35483871,0.642857143,-0.318181818,0.666666667,-0.2,-0.181818182,1
2009,8,1181,1204,H,0,0.43877551,0.424242424,0.029850746,0.333333333,0,0.461538462,0.56,0.291666667,0.416666667,0.611111111,-0.5,0.5,0.125,-0.208333333,1
2009,13,1181,1348,H,0,0.036144578,-0.153846154,0.035714286,-1.2,0.166666667,0.586206897,0.484848485,0.071428571,-0.176470588,-0.1,-0.727272727,0.375,0.2,-0.555555556,1
2009,17,1181,1356,N,0,0.297619048,-0.105263158,-0.348837209,0.125,0.058823529,0.682926829,0.583333333,0.111111111,0.371428571,-0.214285714,0.2,0.375,0.5,-0.545454545,1
2009,18,1181,1276,N,0,0.208333333,0.2,-0.078431373,-0.4,-0.15,0.35,0.346153846,0.25,0.3,0.0625,0.277777778,-0.571428571,0.4,-0.266666667,1
2009,20,1181,1285,H,0,0.253164557,0.2,0.215384615,-0.4,0,0.588235294,0.375,0.611111111,0.192307692,-0.272727273,-0.75,0.666666667,0,-0.266666667,1
2009,25,1181,1182,H,0,0.239583333,0.222222222,-0.061538462,0.636363636,0.214285714,0,0,-0.692307692,0.125,0.545454545,-0.111111111,0.333333333,0.666666667,0.157894737,1
2009,29,1181,1345,A,0,0.207792208,0.08,-0.034482759,0.666666667,0.391304348,0.285714286,0.222222222,0.470588235,0.352941176,0.076923077,0.25,-0.4,0,-0.047619048,1
2009,33,1181,1276,H,0,0.097560976,-0.103448276,-0.118644068,0,-1,0.736842105,0.695652174,0,0.038461538,-0.235294118,-0.166666667,0,-1.5,-0.25,0
2009,44,1181,1421,H,0,0.43,0.351351351,0.185714286,0.583333333,0.5,0.588235294,0.45,0.5,0.346153846,0.739130435,-0.5625,0.090909091,0.5,-0.333333333,1
2009,47,1181,1462,N,0,0.21686747,0.1875,0.1,0.3,0.4,0.25,-0.133333333,-0.2,0.125,0.4,-0.416666667,0.5,0.625,0.105263158,1
2009,58,1181,1259,H,0,0.440860215,0.459459459,0.089552239,-1,-0.307692308,0.45,0.529411765,0.210526316,0.419354839,0.666666667,-0.388888889,0.411764706,0.666666667,-0.136363636,1
2009,62,1181,1439,H,0,0.357142857,0.173913043,0.090909091,0.714285714,0.411764706,0.6,0.380952381,0.3125,0.208333333,0.529411765,-0.055555556,0.2,-0.75,-0.055555556,1
2009,65,1172,1181,H,0,0.15,0,0.016666667,0.444444444,0.142857143,0.363636364,0.357142857,0.2,0.041666667,0.153846154,-0.384615385,0.142857143,-0.25,-0.470588235,0
2009,68,1181,1199,A,0,0.119402985,-0.210526316,-0.674418605,0.333333333,-0.384615385,0.538461538,0.625,-1.4,0.192307692,-0.142857143,0.166666667,-0.857142857,0.4,-0.666666667,1
2009,72,1181,1210,A,0,0.197183099,0.083333333,0.133333333,0.111111111,0.48,0.529411765,0.285714286,0.25,-0.074074074,-0.166666667,-0.9,0.2,-0.5,-0.333333333,1
2009,75,1181,1207,H,0,0.116883117,0.068965517,0.118644068,0.333333333,0.272727273,0.153846154,-0.357142857,0.181818182,0.043478261,-0.066666667,-0.153846154,0,-0.5,-0.052631579,1
2009,78,1181,1301,H,0,0.22972973,0.2,0.103448276,0.5,0,0.111111111,0.076923077,-0.454545455,-0.375,0.133333333,-1.222222222,0.538461538,-0.666666667,-0.214285714,1
2009,82,1181,1268,H,0,0.476744186,0.40625,0.121621622,0.769230769,0.5,0.416666667,0.35,0.272727273,0.333333333,0.541666667,-0.636363636,0.5,0.461538462,0,1
2009,86,1181,1448,H,0,0.028169014,0.115384615,-0.063492063,-0.666666667,-1.090909091,-0.105263158,0.107142857,-0.333333333,0,0.307692308,-0.333333333,0.181818182,0.4,-0.157894737,0
2009,90,1181,1438,H,0,0.3125,0.3125,0.264705882,0.6,0.535714286,-0.111111111,0.066666667,0.4,-0.047619048,0.3125,-1.4,0.5,0,-0.055555556,1
2009,93,1155,1181,H,0,0.36,0.413793103,0.131147541,0.5,0.333333333,-0.083333333,-0.176470588,0.157894737,0.333333333,0.428571429,-0.307692308,0.538461538,0.555555556,0.181818182,1
2009,96,1181,1274,H,1,0.037974684,-0.076923077,0.246753247,0.230769231,0.6,0.235294118,0.260869565,0.578947368,-0.458333333,0.285714286,-1,0.444444444,0,-0.05,1
2009,100,1181,1314,A,0,0.137254902,0,-0.126984127,-0.285714286,-0.5625,0.571428571,0.40625,-0.153846154,0.28,-0.357142857,0,-0.444444444,-0.333333333,-0.333333333,0
2009,104,1130,1181,H,0,0.074074074,0.032258065,-0.326923077,0.555555556,0.105263158,-0.076923077,0.055555556,-0.9,0.25,0.315789474,0.4,-1,0.555555556,0,1
2009,108,1181,1385,A,0,0.090909091,-0.166666667,-0.159090909,0.625,0.75,0.416666667,0.5,-0.285714286,0,0.083333333,-0.357142857,-0.166666667,0.333333333,-0.285714286,1
2009,111,1181,1448,H,0,0.098039216,-0.088235294,0.032258065,0.333333333,0.583333333,0.464285714,0.540540541,-0.083333333,-0.769230769,0.166666667,-2,0.818181818,0,-0.210526316,1
2009,114,1181,1268,A,0,0.139240506,0.038461538,0.120689655,0.555555556,0.55,0.19047619,0.103448276,0.5,0.148148148,0.25,-0.2,0.166666667,0,-0.173913043,1
2009,117,1181,1439,A,0,0.095890411,0.076923077,0.05,0.285714286,0.19047619,0.058823529,0.095238095,-0.4,-0.35,0,-1,0.666666667,-2.5,-0.105263158,1
2009,120,1181,1199,H,0,0.035294118,-0.148148148,0.075757576,0.181818182,0.419354839,0.391304348,0.34375,0.090909091,-0.148148148,-0.214285714,-0.875,0.428571429,-0.25,-0.210526316,1
2009,125,1181,1314,H,0,0.1,0.206896552,0.055555556,-0.285714286,-0.692307692,-0.111111111,-0.076923077,0.461538462,0.346153846,0.133333333,0,-0.666666667,0.2,-0.15,0
2009,130,1130,1181,N,0,0.014925373,-0.043478261,-0.270833333,0.2,0,0.071428571,0.260869565,-0.357142857,0.142857143,-0.333333333,0,0.666666667,0.555555556,-0.058823529,0
2009,131,1181,1268,N,0,0.088235294,-0.238095238,-0.142857143,0.5,0.304347826,0.578947368,0.545454545,-0.25,-0.055555556,0.333333333,0,0,0,-0.357142857,1
2009,132,1181,1199,N,0,0.125,0.04,0.152542373,0.230769231,0.269230769,0.25,0.259259259,0.4,-0.227272727,0.230769231,-1.8,0.5,-0.5,-0.238095238,1
2009,136,1127,1181,N,0,0.275862069,0.034482759,0.103448276,0.2,0.238095238,0.909090909,0.769230769,0.611111111,0.318181818,0.545454545,-0.1875,-0.428571429,-0.25,-0.466666667,0
2009,138,1181,1400,N,0,0.066666667,-0.083333333,0.055555556,0.5,0.133333333,0.227272727,0.071428571,-0.076923077,-0.2,0.1,-0.6,0.333333333,-0.333333333,-0.142857143,1
2009,143,1181,1437,N,0,0.294871795,0.392857143,0.061538462,-0.2,-0.473684211,0.1,-0.041666667,0.357142857,0.27027027,0.2,0.076923077,-0.5,0.5,-0.041666667,0
2010,11,1181,1422,H,0,0.350515464,0.342105263,0.031746032,0.375,0.315789474,0.3125,0.095238095,0.125,0.533333333,0.235294118,-0.071428571,0.333333333,0.777777778,-0.105263158,1
2010,14,1157,1181,H,0,0.333333333,0.32,-0.036363636,0,0.25,0.428571429,0.2,-0.142857143,0.285714286,0.4,-0.153846154,-0.2,0.666666667,-0.055555556,0
2010,15,1150,1181,H,0,0.411764706,0.447368421,0.154929577,0.538461538,0,0.0625,0.12,0.1875,0.28125,0.681818182,-0.8,0.375,0.8,-0.105263158,0
2010,19,1181,1347,H,0,0.352380952,0.277777778,0.068493151,0.684210526,0.545454545,0.235294118,-0.055555556,-0.058823529,0.266666667,0.538461538,-0.888888889,0.444444444,0,0,1
2010,23,1113,1181,N,0,0.169230769,0.208333333,0.160714286,0.4,0.263157895,-0.066666667,-0.210526316,0.307692308,-0.045454545,0.5,-0.066666667,-1.666666667,0.666666667,0.136363636,0
2010,25,1163,1181,N,0,0.130434783,-0.045454545,0.2,0.857142857,0.736842105,0.238095238,-0.115384615,0.423076923,0.0625,-0.272727273,-0.307692308,0.285714286,-0.25,0.083333333,0
2010,30,1181,1458,H,0,0.054054054,0.074074074,0.1,0.222222222,0.285714286,-0.142857143,0.15,0.307692308,-0.086956522,0.333333333,-1,0.4,0.428571429,-0.266666667,0
2010,33,1181,1385,H,0,0.111111111,-0.034482759,0.121212121,-0.166666667,-0.055555556,0.6,0.44,0.5,0.04,0.0625,-0.555555556,0.428571429,0.333333333,-0.538461538,1
2010,43,1181,1205,H,0,0.394736842,0.340909091,-0.029850746,0.416666667,-0.05,0.588235294,0.666666667,-0.666666667,0.185185185,0.321428571,-0.846153846,0.2,0.8,-0.466666667,1
2010,47,1181,1211,N,0,0.454545455,0.428571429,0.098360656,0.714285714,0.421052632,0.352941176,-0.047619048,-0.090909091,0.305555556,0.470588235,-0.357142857,-0.25,0.625,0.130434783,1
2010,57,1181,1253,H,0,0.247058824,0.303030303,0.101449275,0.4375,0.333333333,-1,0,0.222222222,0.142857143,0.142857143,-0.166666667,-0.333333333,0.636363636,-0.133333333,1
2010,59,1181,1335,H,0,0.513043478,0.405405405,-0.032786885,0.454545455,-0.136363636,0.727272727,0.731707317,0.1875,0.517241379,0.48,-0.692307692,0.5,0.666666667,-1.909090909,1
2010,62,1155,1181,H,0,0.28,0.32,-0.020408163,0.428571429,0.105263158,0.095238095,0.038461538,-0.571428571,0.285714286,0.384615385,-0.125,-0.285714286,0,-0.25,0
2010,65,1181,1235,N,0,0.24137931,0.1,0.121212121,0.7,0.545454545,0.4,0.090909091,0.157894737,0.047619048,0.2,-0.461538462,0.769230769,-0.8,0.142857143,1
2010,68,1181,1210,H,0,0.055555556,-0.173913043,-0.12962963,-0.166666667,-0.933333333,0.565217391,0.482758621,0.142857143,0.153846154,-1,0.1875,0.285714286,-1,-0.388888889,0
2010,72,1130,1181,H,0,0.25,0.24137931,0.196721311,0,0.153846154,0.260869565,0.035714286,0.421052632,0.217391304,0.333333333,-0.272727273,0.4,-0.75,0,0
2010,76,1181,1448,H,0,0.21978022,0.129032258,0.056338028,0.2,0.357142857,0.407407407,0.212121212,0.047619048,0.206896552,0.307692308,-0.2,0.111111111,0.25,-0.041666667,1
2010,79,1181,1301,H,0,0.157303371,0.303030303,-0.035714286,0,-0.076923077,-0.3,-0.259259259,-1.571428571,-0.043478261,0.526315789,-0.5,0.166666667,0.666666667,0.12,0
2010,82,1155,1181,A,0,0.213114754,0.24,0.075471698,0.4,0,-0.111111111,-0.166666667,0,0.086956522,0.3,-0.214285714,0.333333333,0,-0.066666667,0
2010,86,1181,1199,H,0,0.197183099,0.076923077,0.06779661,0.444444444,0.391304348,0.461538462,0.166666667,-0.333333333,-0.3,-0.117647059,-0.769230769,0.272727273,-1.333333333,-0.05,1
2010,89,1181,1207,H,0,0.133333333,0.294117647,-0.340425532,-0.428571429,-1.142857143,-0.277777778,-0.125,-5,0.238095238,0.428571429,0.058823529,-0.2,0.6,-0.25,0
2010,94,1181,1210,H,0,0.218390805,0.038461538,0.122807018,0.692307692,0.315789474,0.32,0.216216216,0.277777778,0.125,0.1875,-0.230769231,-0.142857143,-0.5,-0.076923077,1
2010,96,1130,1181,A,0,0.044776119,-0.041666667,-0.204081633,0.5,0.166666667,0.125,0.407407407,-0.076923077,0.25,-0.083333333,0.166666667,-0.6,0.5,-0.15,0
2010,100,1181,1314,A,0,0.153846154,0.086956522,0.157142857,0.4,-0.052631579,0.166666667,0.105263158,0.375,0,0.307692308,-0.444444444,0.666666667,-1.166666667,0,1
2010,103,1181,1268,H,0,0.269230769,0.142857143,0.060606061,0.5,0.125,0.526315789,0.47826087,0.19047619,0.12,0.153846154,-0.875,0.166666667,0,-0.357142857,1
2010,107,1181,1274,A,0,0.085365854,0,0.245901639,0.642857143,0.566666667,-0.105263158,-0.217391304,0.333333333,-0.615384615,0.166666667,-0.4375,0.384615385,0.333333333,0,1
2010,111,1181,1439,H,0,0.176470588,-0.052631579,0.063492063,0.727272727,0.483870968,0.272727273,0.37037037,0.333333333,0.04,0.583333333,0,-0.166666667,-0.666666667,-0.210526316,1
2010,115,1181,1409,H,0,0.253521127,0.130434783,0.078125,0.6,0.153846154,0.391304348,0.344827586,0.210526316,0.2,0.1,-1.333333333,0.5,-0.142857143,-0.533333333,1
2010,118,1181,1438,A,0,0.264705882,0.32,-0.019607843,0.625,0.315789474,-0.230769231,-0.055555556,-1.2,0.142857143,0.428571429,-0.666666667,0.222222222,0,0.111111111,1
2010,121,1181,1268,H,0,0.0875,0.068965517,-0.175438596,-0.571428571,-1,0.388888889,0.15,-0.666666667,0.24137931,0.4,0.25,-3.5,0.5,-0.166666667,0
2010,124,1181,1314,H,0,0.385542169,0.37037037,0.155172414,0.777777778,0.727272727,0.217391304,-0.125,0.2,0.25,0.411764706,-0.6,0.285714286,0.333333333,0.260869565,1
2010,130,1181,1438,N,0,0.189655172,0.181818182,0.035714286,0.2,0,0.166666667,0.333333333,0.166666667,0,-0.571428571,-0.25,0,-0.333333333,-0.125,1
2010,131,1181,1274,N,0,0.038461538,0.037037037,-0.018181818,-0.125,0.304347826,0.105263158,0.12,0.461538462,0.296296296,0.352941176,0.25,0.166666667,0.166666667,0,1
2010,132,1181,1210,N,0,0.060606061,-0.210526316,0.019230769,0,0.222222222,0.48,0.413793103,0,-0.210526316,-0.555555556,-0.636363636,0.428571429,-0.666666667,-0.166666667,1
2010,137,1115,1181,N,0,0.391891892,0.28,-0.125,0.285714286,-0.428571429,0.65,0.724137931,0.285714286,0.448275862,0.307692308,-0.133333333,-0.333333333,0,-0.538461538,0
2010,139,1143,1181,N,0,0.217391304,0.285714286,0.155172414,0,0.277777778,-0.083333333,0.055555556,0.166666667,-0.041666667,0.416666667,-1,0.2,0.666666667,-0.1875,0
2010,144,1181,1345,N,0,0.183098592,0.086956522,0.017857143,0.285714286,0,0.333333333,0.12,0.529411765,0.363636364,-0.083333333,0.466666667,-0.6,-1.333333333,-0.047619048,1
2010,146,1124,1181,N,0,0.088607595,-0.217391304,0.032258065,0.5,0.208333333,0.458333333,0.333333333,0.25,0,0.0625,0,-0.125,-8,-0.375,0
2010,152,1181,1452,N,0,0.265822785,0.333333333,0.160714286,0.571428571,0.5,-0.875,-1,0,0.105263158,0.428571429,-0.571428571,0.666666667,-1.5,0.235294118,1
2010,154,1139,1181,N,0,0.032258065,0.125,-0.113207547,-0.166666667,-0.055555556,-0.272727273,-0.117647059,-0.25,0.185185185,0.384615385,0.307692308,0.166666667,0.875,-0.266666667,0
2011,13,1181,1343,H,0,0.37755102,0.351351351,0.227272727,0.533333333,0.37037037,0.25,-0.538461538,-0.2,0,0.444444444,-0.866666667,0.272727273,0.333333333,0.111111111,1
2011,15,1181,1275,H,0,0.425,0.269230769,0.06779661,0.222222222,-0.238095238,0.818181818,0.71875,0.6,0.342857143,0.5,-0.6,0.272727273,0.25,-0.533333333,1
2011,18,1159,1181,H,0,0.468468468,0.371428571,0.054794521,0.615384615,0.483870968,0.580645161,0.6,0,0.206896552,0.56,-1.076923077,0.357142857,0.5,-0.65,0
2011,21,1181,1266,N,0,0.060240964,0.111111111,-0.092307692,0.285714286,-0.105263158,-0.714285714,-0.384615385,-0.272727273,0.2,0.333333333,0.25,-1.4,0.818181818,-0.133333333,1
2011,22,1181,1243,N,0,0.168674699,-0.037037037,-0.072727273,0.428571429,-0.384615385,0.52,0.25,-0.6,-0.086956522,0.214285714,-0.466666667,0.666666667,0,-0.038461538,1
2011,26,1181,1332,N,0,0.272727273,0.264705882,-0.142857143,0.571428571,0.464285714,0.05,-0.107142857,-0.3,0.45,0.066666667,0.4,-1.285714286,-0.333333333,0.041666667,1
2011,30,1181,1277,H,0,0.058823529,-0.230769231,-0.185185185,-0.25,-0.058823529,0.678571429,0.58974359,-0.416666667,-0.047619048,-0.214285714,-0.3125,0.333333333,-0.4,-0.529411765,1
2011,33,1139,1181,N,0,0.144578313,-0.038461538,-0.092592593,0,0.407407407,0.56,0.3,-0.3,0.111111111,-0.333333333,0,-0.1,0.5,-0.25,0
2011,37,1133,1181,H,0,0.416666667,0.322580645,-0.016393443,0.6875,0.588235294,0.444444444,0.181818182,-0.555555556,0.2,0.52173913,-0.4,-1,0.2,0,0
2011,40,1181,1387,H,0,0.435294118,0.375,0.152542373,0.714285714,0.272727273,0.470588235,0.576923077,0.3,0,0.368421053,-1.3,0.363636364,0.571428571,-0.266666667,1
2011,49,1181,1189,H,0,0.262626263,0.1875,0.078125,0.333333333,0.166666667,0.384615385,0.451612903,0.466666667,0.285714286,0.409090909,-0.266666667,0.545454545,-1,-0.238095238,1
2011,58,1181,1422,A,0,0.422018349,0.4,0.092307692,0.583333333,0.64,0.35,0.346153846,-0.6,0,0.68,-2,0.785714286,0.5,-0.294117647,1
2011,62,1181,1274,H,0,0.146666667,0.074074074,-0.081967213,0.555555556,0.217391304,0.133333333,-0.3125,-0.583333333,0.172413793,0.1,0.071428571,0.111111111,0.444444444,0.15,1
2011,65,1181,1412,H,0,0.244186047,0.25,0.117647059,-0.111111111,-0.277777778,0.375,0.380952381,0.214285714,0,0.066666667,-1.142857143,0.666666667,0.4,-0.4375,1
2011,69,1181,1268,H,0,0.097222222,-0.038461538,-0.063492063,0.428571429,0.318181818,0.375,0.25,-0.066666667,0.129032258,-0.636363636,0.055555556,0.142857143,-0.8,-0.142857143,1
2011,72,1181,1199,H,0,0.074626866,0.2,-0.127272727,-0.714285714,-1.571428571,0,0.105263158,-0.363636364,0.038461538,-0.25,0,0,-0.333333333,-0.058823529,0
2011,75,1181,1438,H,0,0.207792208,0.285714286,0.050847458,-0.166666667,0.19047619,0.055555556,-0.142857143,0.133333333,0.310344828,0.357142857,0.125,-0.6,0.714285714,-0.117647059,1
2011,79,1181,1301,A,0,0.150537634,0.257142857,-0.014705882,0.25,0.5,-0.333333333,-0.347826087,0,0.37037037,0,0.166666667,-0.6,0.444444444,0.136363636,1
2011,82,1181,1448,A,0,0.285714286,0.185185185,0.096774194,0.2,0.37037037,0.52173913,0.444444444,0.153846154,0.074074074,0.066666667,-0.8,0.5,0,-0.176470588,1
2011,87,1130,1181,H,0,0.188235294,0.064516129,-0.016393443,0.272727273,0.086956522,0.6,0.5,-0.090909091,0.115384615,0,-0.75,0.636363636,0.857142857,0,0
2011,90,1181,1385,H,0,0.159574468,0.181818182,-0.125,-0.5,-3.5,0.185185185,0.176470588,-0.7,0.291666667,0.545454545,-0.384615385,-0.333333333,-1.666666667,-0.08,0
2011,93,1181,1268,A,0,0.222222222,0.322580645,0.120689655,0.727272727,0.583333333,-0.909090909,-0.647058824,0.090909091,0.08,0.071428571,-0.333333333,0.333333333,-1,0.045454545,1
2011,96,1181,1301,H,0,0.311688312,0.185185185,0.142857143,0.75,0.266666667,0.444444444,0.424242424,0.45,0,-0.214285714,-0.7,0.5,0.428571429,-0.578947368,1
2011,100,1181,1314,H,0,0.075,-0.034482759,0,0.666666667,0.444444444,0.125,0.041666667,0,-0.222222222,0.083333333,-0.153846154,0,0,-0.411764706,1
2011,104,1181,1274,A,0,0.12195122,-0.034482759,-0.140350877,0,-0.15,0.666666667,0.681818182,-0.166666667,0.130434783,0.055555556,-0.4,0.666666667,-0.333333333,-0.461538462,1
2011,107,1181,1438,A,0,0.263157895,0.291666667,-0.212765957,0.333333333,0.235294118,-0.166666667,0,-0.666666667,0.4,0.307692308,0.315789474,0,0.571428571,0,1
2011,111,1181,1210,H,0,0.275,0.275862069,0.031746032,0.428571429,0.058823529,0.166666667,0,-0.0625,0.185185185,0.421052632,-0.454545455,0.2,-1.666666667,-0.105263158,1
2011,114,1181,1396,H,0,0.215189873,0.107142857,-0.050847458,0.333333333,0.277777778,0.470588235,0.222222222,-0.0625,0.25,-0.066666667,-0.083333333,-0.5,-0.25,0,1
2011,117,1181,1439,H,0,0.061538462,0.076923077,0.092307692,0.285714286,-0.05,-0.222222222,0.3,0.411764706,-0.034482759,0.461538462,0.142857143,-1,-1.333333333,-0.1875,0
2011,121,1155,1181,H,0,0.154929577,0.043478261,-0.320754717,0.375,-0.111111111,0.3,0.384615385,-0.375,0.275862069,0.333333333,0.333333333,-2,0.555555556,-0.5625,0
2011,124,1181,1314,H,0,0.170731707,0.323529412,0.015625,-0.4,-1.8,-0.5,-0.045454545,0,0.225806452,0.473684211,0.090909091,-0.25,-0.5,-0.157894737,0
2011,130,1181,1268,N,0,0.181818182,0.15625,0.078125,-0.25,0.4375,0.304347826,-0.035714286,0.176470588,0.192307692,-0.384615385,-0.076923077,0.142857143,0,0.041666667,1
2011,131,1181,1439,N,0,0.179487179,0.153846154,-0.074074074,0.5,0.105263158,0.130434783,0.074074074,-0.214285714,0.217391304,0.666666667,0.1875,0.166666667,-0.5,0.086956522,1
2011,132,1181,1314,N,0,0.223684211,0.266666667,-0.06779661,0.7,0.571428571,-0.666666667,-0.375,-1,0.071428571,0.4,-0.307692308,0.375,-0.2,0.19047619,1
2011,137,1181,1214,N,0,0.477272727,0.393939394,0.081967213,0.5,0.25,0.733333333,0.529411765,0,0.3,0.722222222,-0.8,0.7,0.6,-0.5,1
2011,139,1181,1276,N,0,0.027027027,-0.076923077,-0.08,-0.333333333,-0.047619048,0.421052632,0.538461538,0.545454545,0.208333333,-0.076923077,0.333333333,-3,0.666666667,-0.263157895,1
2011,143,1112,1181,N,0,0.170212766,0.2,0.078125,0.4,0.0625,-0.117647059,-0.045454545,0.411764706,0.24,0.3125,0.076923077,0.25,-0.75,0.045454545,1
2012,11,1125,1181,H,0,0.012820513,-0.12,-0.01754386,0.3,0,0.19047619,0.148148148,0,-0.041666667,-0.066666667,0.05,-0.111111111,-0.5,-0.086956522,0
2012,12,1181,1342,H,0,0.422680412,0.5,0.068965517,0.333333333,0.058823529,0.105263158,0.4375,0.428571429,0.419354839,0.631578947,-0.454545455,-0.142857143,0.75,-0.375,1
2012,15,1181,1277,N,0,0.066666667,-0.5,-0.5,0.545454545,0.409090909,0.548387097,0.547619048,-1,0.142857143,0,-0.222222222,0.307692308,0.166666667,-0.363636364,1
2012,18,1172,1181,H,0,0.156626506,0.166666667,-0.145454545,-0.333333333,-0.5,0.25,0.516129032,-0.333333333,0.148148148,-0.090909091,-0.384615385,0.3,0.6,-0.277777778,0
2012,21,1181,1397,N,0,0.128205128,0.074074074,-0.072727273,0.875,0.526315789,-0.052631579,0.107142857,-0.1,0.137931034,0.166666667,0.071428571,-0.333333333,-0.333333333,-0.315789474,1
2012,22,1181,1276,N,0,0.084337349,-0.185185185,-0.361702128,0.333333333,0,0.65,0.642857143,-0.857142857,0.090909091,0.214285714,0.230769231,0.166666667,0,-0.333333333,1
2012,23,1181,1242,N,0,0.101449275,0.043478261,0.122807018,0.75,0.653846154,-0.285714286,-0.166666667,0.076923077,-0.388888889,0.3,-0.285714286,-0.2,-0.25,-0.294117647,1
2012,29,1181,1326,H,0,0.255813953,0.25,0.066666667,0.555555556,-0.066666667,-0.125,-0.363636364,0,0.230769231,0.421052632,-0.181818182,0,0,0.0625,0
2012,37,1161,1181,H,0,0.261363636,0.21875,-0.071428571,0.375,0.454545455,0.315789474,0.4,-0.4,0.153846154,0.454545455,-0.6,0.555555556,0.8,-0.3125,0
2012,40,1181,1449,N,0,0.068965517,-0.142857143,-0.137931034,0,0,0.5,0.466666667,0.142857143,0.103448276,-0.071428571,0,0,0.875,-0.363636364,1
2012,49,1181,1422,H,0,0.296703297,0.166666667,-0.090909091,0.545454545,0.363636364,0.47826087,0.303030303,0.214285714,0.470588235,-0.363636364,0.210526316,-0.222222222,0.666666667,-0.1,1
2012,60,1181,1444,H,0,0.36036036,0.171428571,-0.125,0.533333333,0.5,0.689655172,0.666666667,0.222222222,0.529411765,0.434782609,0.0625,0.181818182,0.769230769,-0.588235294,1
2012,62,1181,1335,H,0,0.348837209,0.303030303,0.059701493,0.7,0.333333333,0.230769231,0.473684211,0.368421053,0.366666667,0.476190476,-0.076923077,-1,0.5,-0.5,1
2012,65,1181,1396,H,0,0.063291139,0.09375,-0.071428571,-0.166666667,-0.363636364,0,0.105263158,0,0.15,0.263157895,0.055555556,0.25,-0.5,-0.111111111,0
2012,68,1181,1210,A,0,0.085365854,-0.208333333,-0.137254902,0,0.391304348,0.566666667,0.459459459,-0.6,-0.333333333,0.071428571,-0.4,0.222222222,0.25,-0.086956522,1
2012,73,1181,1438,H,0,0.048387097,0,-0.319148936,0.333333333,0.19047619,0.111111111,0.5,-1,0.125,-0.416666667,0.166666667,-0.25,0.714285714,-0.117647059,1
2012,76,1155,1181,A,0,0.094594595,-0.038461538,-0.155172414,0.444444444,0.291666667,0.3125,-0.105263158,-0.357142857,0.148148148,-0.4,0.277777778,-0.666666667,0.4,-0.25,0
2012,80,1181,1448,H,0,0.195652174,0.272727273,0.1,0.666666667,0.291666667,-0.470588235,-0.5,0.071428571,0.296296296,0.5,-0.071428571,0.1,-2.5,0.222222222,1
2012,82,1181,1199,A,0,0.038961039,0.071428571,-0.254901961,-0.375,-0.6,0.125,0.142857143,-2,0.259259259,0.125,0.153846154,0.285714286,0.666666667,0.052631579,0
2012,86,1181,1268,A,0,0.173333333,0.142857143,-0.035714286,-0.25,0.176470588,0.333333333,-0.157894737,-0.272727273,0.296296296,0.133333333,0.1,-0.5,0.333333333,-0.055555556,1
2012,89,1181,1385,H,0,0.083333333,-0.347826087,-0.277777778,0.25,0.15,0.636363636,0.488372093,-0.0625,0.16,0.6,0.3125,-0.222222222,0.6,-0.238095238,1
2012,94,1181,1439,A,0,0.197368421,0.142857143,0.086206897,0.555555556,0.263157895,0.142857143,0.117647059,0.230769231,0.045454545,0.538461538,-0.75,0.333333333,-0.666666667,0.055555556,1
2012,97,1181,1274,A,1,0.050632911,0.068965517,-0.014705882,-0.25,-0.333333333,0.125,0.115384615,0.142857143,0.068965517,-0.083333333,0.2,-0.8,-5,-0.15,0
2012,100,1181,1314,A,0,0.011627907,-0.142857143,-0.015873016,0.866666667,0.810810811,-0.222222222,-0.148148148,-0.230769231,-0.166666667,-0.666666667,0.090909091,0.333333333,-0.333333333,0.115384615,1
2012,103,1181,1268,H,0,0.243243243,0.230769231,0.212121212,0.8,0.4,-0.133333333,0.115384615,0.636363636,0.035714286,0.25,-0.4,0.333333333,0.166666667,-0.047619048,1
2012,108,1181,1301,H,0,0.063291139,-0.038461538,0.142857143,0.333333333,0.6,0.19047619,0.137931034,0.235294118,-0.375,-0.083333333,-1.666666667,0.555555556,-1.25,-0.136363636,1
2012,111,1130,1181,A,0,0.328947368,0.384615385,0.224137931,0.363636364,0.173913043,0.0625,-0.047619048,0.785714286,0.393939394,0.333333333,0.210526316,-0.75,0,0.052631579,0
2012,115,1181,1199,A,0,0.106666667,-0.130434783,-0.20754717,0.642857143,0.448275862,0.277777778,0.148148148,-0.416666667,0,0.076923077,0.25,0.4,-2,0.125,1
2012,117,1181,1439,H,1,0.070422535,-0.333333333,-0.264150943,0.285714286,0.44,0.68,0.514285714,0,0.1875,-0.5,0.153846154,-0.666666667,0,-0.857142857,1
2012,120,1181,1448,A,0,0.1,-0.08,-0.12962963,0.363636364,0.142857143,0.363636364,0.392857143,0.3,0.2,0.076923077,0.214285714,0.285714286,0.375,-0.117647059,1
2012,124,1181,1314,A,0,0.202247191,0.27027027,0.044776119,-0.4,-0.571428571,0,-0.375,0.266666667,0.40625,0.071428571,0.461538462,-1.666666667,-0.5,0.090909091,0
2012,130,1181,1439,N,0,0.06557377,0.19047619,0.018181818,-0.166666667,0.518518519,-0.1875,-0.210526316,-0.153846154,0.038461538,0.272727273,-0.222222222,0.571428571,0.75,-0.052631579,1
2012,131,1181,1199,N,0,0.047619048,0.2,0.103448276,-0.5,-0.75,-0.416666667,-0.266666667,0.1875,0.05,0.428571429,-0.133333333,-0.6,-0.166666667,0,0
2012,137,1181,1250,N,0,0.065789474,-0.086956522,-0.113207547,0,-0.421052632,0.346153846,0.368421053,-0.4,-0.153846154,0,-0.555555556,0.375,-1,-0.173913043,0
2013,4,1181,1209,H,0,0.253333333,0.2,-0.083333333,0.5,0.4,0.1875,0.25,-0.571428571,0.076923077,0.722222222,-0.0625,-0.6,0.857142857,-0.1,1
2013,8,1181,1246,N,0,0.092105263,0.037037037,0.103448276,0.444444444,0.421052632,0.0625,0.043478261,0.166666667,-0.047619048,0.176470588,-0.555555556,0.285714286,0.285714286,-0.166666667,1
2013,13,1181,1195,H,0,0.235955056,0.225806452,0.09375,-0.2,0.1875,0.45,0.5,0.176470588,0.045454545,0.4,-0.368421053,0.1,0.2,-0.666666667,1
2013,17,1181,1278,N,0,0.2,0.193548387,-0.089285714,0.444444444,-0.545454545,0.090909091,0.037037037,-0.545454545,0.130434783,-0.230769231,0,0.384615385,-0.4,0.090909091,1
2013,18,1181,1433,N,0,0.132352941,-0.047619048,-0.306122449,-0.25,-0.1875,0.48,0.285714286,-2.6,0.193548387,0.666666667,-0.222222222,-0.2,0.777777778,-0.157894737,1
2013,19,1181,1257,N,0,0.064935065,-0.24,-0.196428571,0.5,0.571428571,0.583333333,0.464285714,-0.666666667,0.038461538,0.5,-0.066666667,0.222222222,0.714285714,0.142857143,1
2013,23,1181,1326,H,0,0.067567568,0.04,-0.326923077,-0.166666667,-0.692307692,0.19047619,0.178571429,-1.111111111,0.233333333,0.416666667,0.111111111,-0.25,0.5,-0.2,1
2013,26,1174,1181,H,0,0.426966292,0.472222222,0.029411765,0.625,0.285714286,-0.083333333,0.045454545,-0.363636364,0.289473684,0.833333333,-0.333333333,0.4,0.777777778,0.1,0
2013,33,1181,1396,N,0,0.252747253,-0.034482759,-0.233333333,0.307692308,-0.047619048,0.913043478,0.833333333,-0.416666667,0.142857143,0.15,-0.571428571,0.428571429,-0.666666667,-0.375,1
2013,44,1165,1181,H,0,0.460674157,0.4,0.081967213,0.75,0.454545455,0.5,0.5,-1.4,0.074074074,0.625,-1.454545455,0.5,0.75,-0.333333333,0
2013,45,1181,1189,H,0,0.285714286,0.3,0.220588235,0.333333333,0.05,0,0.470588235,0.625,0.034482759,0.352941176,-0.384615385,0.636363636,0.333333333,-0.142857143,1
2013,54,1181,1365,H,0,0.142857143,0.09375,0.03125,-0.25,-0.866666667,0.409090909,0.529411765,0.466666667,0.185185185,0.375,-0.25,-0.142857143,-1.333333333,-0.5,1
2013,58,1172,1181,N,0,0.25,0.181818182,-0.212765957,0.166666667,-0.666666667,0.380952381,0.391304348,-1,0.214285714,-0.111111111,-0.153846154,0.333333333,-0.166666667,-0.111111111,0
2013,61,1181,1448,H,0,0.222222222,0.2,0.109375,0.583333333,0.52,-0.083333333,0.173913043,-0.272727273,-0.192307692,0.608695652,-1.857142857,0.285714286,0.6,-0.529411765,1
2013,64,1155,1181,H,0,0.405797101,0.428571429,0.052631579,0.777777778,0.25,-0.428571429,0,0.071428571,0.333333333,0.714285714,0,0,-1,0,0
2013,68,1181,1301,H,0,0.094117647,0,-0.133333333,-0.4,-1.333333333,0.476190476,0.458333333,-0.4,0.115384615,0.214285714,-0.083333333,-0.4,0,-0.5,0
2013,73,1181,1210,H,0,0.216216216,0.148148148,0.106060606,0.545454545,0.227272727,0.166666667,-0.117647059,0,-0.115384615,0.384615385,-0.571428571,0.545454545,0,-0.052631579,1
2013,79,1181,1274,H,0,0.296703297,0.323529412,-0.271186441,0.5,-0.2,0,0.142857143,-0.888888889,0.380952381,0.066666667,0.352941176,0.111111111,0.666666667,0.045454545,0
2013,82,1181,1268,H,0,0.235294118,0.235294118,0.046875,0.5,0.173913043,-0.25,0.055555556,-0.5,-0.125,0.421052632,-2,0.75,-0.5,-0.0625,1
2013,86,1181,1448,A,0,0.065789474,0.103448276,0.036363636,-0.333333333,0.2,0,0.043478261,0,0,-0.071428571,-0.125,0.166666667,0.2,0,1
2013,89,1181,1199,A,0,0.2375,0.25,-0.076923077,0.666666667,0.263157895,-0.714285714,-0.555555556,-0.714285714,0.363636364,0.523809524,-0.090909091,0.375,0.571428571,0.0625,1
2013,94,1181,1301,H,0,0.131313131,-0.24137931,-0.264150943,0.545454545,0.6,0.636363636,0.523809524,-0.3,0.2,0.315789474,0.111111111,0.25,0.6,-0.045454545,1
2013,97,1130,1181,A,0,0.015873016,0,0.094339623,0.571428571,0.333333333,-0.2,-0.105263158,0.416666667,-0.277777778,0.230769231,0.071428571,-1,0.75,-0.058823529,0
2013,100,1181,1314,H,0,0.067567568,0,-0.175438596,0.142857143,-0.117647059,0.222222222,-0.142857143,-0.615384615,0.321428571,0.181818182,0.222222222,-0.285714286,-0.333333333,0.173913043,1
2013,103,1181,1268,H,0,0.023809524,-0.107142857,-0.391304348,-0.4,-0.428571429,0.384615385,0.371428571,0.2,0.5625,-0.25,0.518518519,-0.625,0.714285714,0.038461538,0
2013,108,1181,1439,A,0,0.359550562,0.258064516,0.087719298,0.846153846,0.055555556,0.294117647,0.318181818,0.25,0.25,0.4375,-1.166666667,0.666666667,0,-0.157894737,1
2013,111,1130,1181,H,0,0.233333333,0.137931034,0.056603774,0.25,0.125,0.407407407,0.294117647,0.1,0.045454545,0.1875,-0.214285714,0,0.333333333,-0.083333333,0
2013,115,1181,1438,H,0,0.067567568,0.12,-0.018867925,-1.25,-1.166666667,0.173913043,0.3,0.6,0.178571429,0.181818182,0.090909091,-0.25,0.714285714,-0.263157895,0
2013,117,1181,1274,H,0,0.0375,-0.074074074,-0.274509804,0.416666667,0.083333333,0.117647059,0.333333333,-1.8,-0.166666667,0.384615385,0,0.6,0.833333333,-0.105263158,1
2013,120,1181,1439,H,0,0.325581395,0.258064516,0.016949153,0.538461538,0.25,0.357142857,0.176470588,-0.166666667,0.296296296,0.555555556,-1.2,0.5,0,-0.428571429,1
2013,124,1181,1314,A,0,0.228571429,0.214285714,-0.26,0.666666667,0.0625,0,-0.076923077,-0.9,0.416666667,0.153846154,0.25,-0.166666667,-0.5,0.066666667,1
2013,130,1181,1268,N,0,0.107142857,-0.037037037,-0.269230769,0.444444444,-0.238095238,0.291666667,0.269230769,-0.125,0.34375,0.421052632,0.533333333,-0.75,-0.5,-0.266666667,0
2013,137,1107,1181,N,0,0.162162162,0.285714286,-0.127659574,-1,-0.333333333,0.0625,0.227272727,-0.833333333,0.291666667,0.166666667,-0.166666667,0.2,0.25,-0.052631579,0
2013,139,1166,1181,N,0,0.23880597,0.15,-0.08,0.625,0.047619048,0.227272727,0.344827586,0,0.15625,0,-0.1,0.625,0.4,-0.285714286,0
2013,144,1181,1277,N,0,0.138888889,0,-0.02,0.5,0.315789474,0.24,0.074074074,-0.5,-0.04,0.222222222,-0.333333333,-0.75,0.166666667,-0.388888889,1
2013,146,1181,1257,N,0,0.255813953,0.333333333,0.053571429,-0.666666667,-0.214285714,0.153846154,0.216216216,0,0.222222222,-0.333333333,-0.444444444,0.545454545,0.7,0,0
2014,4,1172,1181,H,0,0.303571429,0.307692308,-0.145454545,0.714285714,0,0,0.212121212,-2.5,0.24,0.705882353,-1.2,0.625,0.857142857,-0.090909091,0
2014,8,1181,1242,N,0,0.115789474,0.060606061,-0.017241379,-1,-1.111111111,0.392857143,0.194444444,0.4,0.35483871,0.157894737,0,0.25,0.5,-0.2,0
2014,11,1181,1194,H,0,0.336734694,0.314285714,0,0.615384615,0.333333333,0.166666667,0,-0.7,0.303030303,0.45,-0.5,0.333333333,-0.5,0.095238095,1
2014,14,1181,1421,H,0,0.391304348,0.375,-0.054545455,0.545454545,0.375,0.3,0.185185185,0,0.466666667,0.545454545,0.058823529,-0.375,0.2,-0.157894737,1
2014,15,1181,1187,H,0,0.107142857,0.071428571,-0.086206897,0,0,0.2,0.34375,-0.272727273,0,0.277777778,-0.454545455,0.3,0.444444444,-0.277777778,1
2014,20,1181,1436,H,0,0.010869565,-0.24137931,0.051724138,0.545454545,0.5,0.346153846,0.225806452,0.533333333,-0.117647059,-0.294117647,0.125,0,0,0.045454545,1
2014,23,1104,1181,N,0,0.133333333,-0.043478261,-0.115384615,0.571428571,0.1875,0.32,0.2,-0.222222222,0.107142857,0.1875,0.15,0.181818182,-2.5,-0.333333333,0
2014,25,1112,1181,N,0,0.082191781,-0.083333333,-0.229166667,0.166666667,0,0.409090909,0.296296296,-0.222222222,0.344827586,0.368421053,0.294117647,0.142857143,0.666666667,-0.105263158,1
2014,29,1181,1276,H,0,0.125,0.103448276,0,0.555555556,0.416666667,-0.0625,-0.052631579,-0.125,0.076923077,0.1875,-0.625,0.6,0.75,0.052631579,1
2014,42,1181,1205,H,0,0.220930233,0.034482759,0.105263158,0.4,0.304347826,0.619047619,0.551724138,0.5625,0.260869565,0.263157895,-0.083333333,0.142857143,0.25,-0.222222222,1
2014,45,1181,1417,N,0,0.209876543,0.21875,0.061538462,0.25,0.303030303,0,-0.166666667,0.363636364,0.125,0.409090909,-0.076923077,-0.111111111,0,0.066666667,1
2014,54,1181,1185,H,0,0.277108434,0.12,0.06557377,0.545454545,0.366666667,0.44,0.272727273,0.380952381,0.25,0.5,-0.066666667,-0.2,0,-0.3125,1
2014,57,1181,1189,N,0,0.436781609,0.393939394,0.179104478,0.454545455,-0.1,0.538461538,0.666666667,0.333333333,0.032258065,0.285714286,-1.875,0.692307692,0.5,-0.4375,1
2014,61,1181,1323,H,0,0.025,0.193548387,-0.017241379,-0.857142857,-1.230769231,-0.285714286,0.16,0.25,0.206896552,0.526315789,0,-0.2,0.714285714,-0.176470588,0
2014,64,1181,1210,H,0,0.275,-0.08,-0.038461538,0.4,0.19047619,0.956521739,0.730769231,0.222222222,0.230769231,0.076923077,-0.5,-0.333333333,0,-0.2,1
2014,68,1155,1181,H,0,0.178082192,0.192307692,-0.111111111,-0.8,-1.166666667,0.368421053,0.483870968,0.4,0.342857143,-0.857142857,0.454545455,-0.2,0.625,-0.333333333,1
2014,70,1181,1438,H,0,0.057142857,0.043478261,-0.12,0.545454545,0.52173913,-0.25,-0.285714286,-0.555555556,0.083333333,0.461538462,0.181818182,0,0.5,0.25,1
2014,75,1181,1301,H,0,0.364583333,0.235294118,0.208955224,0.75,0.64,0.526315789,0.227272727,0.2,0,0.65,-1.444444444,0.733333333,-3,0,1
2014,79,1181,1274,A,0,0.308823529,0.28,0.140350877,0.666666667,0.576923077,0.083333333,-0.0625,0.375,0.285714286,0.461538462,-0.2,0.375,0.625,0.166666667,1
2014,82,1181,1199,H,0,0.278481013,-0.210526316,0.25,0.666666667,0.666666667,0.685714286,0.568181818,0.714285714,0.142857143,0.2,-0.384615385,0.363636364,-1.5,-0.363636364,1
2014,84,1181,1338,A,0,0.185185185,0.24137931,0.118644068,0.571428571,0.5,-0.583333333,-0.5625,0.083333333,0.148148148,0.35,-0.375,0.166666667,-0.2,-0.117647059,1
2014,89,1181,1393,H,1,0.02173913,0,-0.327272727,-3,-6.4,0.518518519,0.454545455,-0.461538462,0.407407407,-0.166666667,0,-0.2,0.9,-0.625,0
2014,92,1181,1448,H,0,0.238095238,0.285714286,0.259259259,0.692307692,0.666666667,-0.277777778,-0.222222222,0.071428571,-0.428571429,0.555555556,-0.666666667,0.545454545,0.666666667,0.172413793,1
2014,96,1130,1181,A,0,0.233333333,0.272727273,0.120689655,0.166666667,-0.136363636,0.066666667,0,0.384615385,0.346153846,0.368421053,-0.111111111,0.333333333,0.666666667,-0.176470588,0
2014,103,1181,1268,H,0,0.028571429,-0.421052632,-0.145454545,0.333333333,0.4,0.551724138,0.428571429,-0.384615385,-0.08,-0.285714286,-0.25,0.545454545,0.25,-0.368421053,1
2014,106,1181,1210,A,0,0.246376812,0.24,0.12962963,0.636363636,0.473684211,-0.181818182,0.095238095,-0.1,-0.181818182,0.4,-1.333333333,0.666666667,0.2,0.05,1
2014,108,1181,1314,H,0,0.106666667,-0.037037037,-0.142857143,-1,-1.3,0.619047619,0.59375,0.25,0.310344828,0.538461538,0.071428571,-0.166666667,-0.75,-0.5,0
2014,110,1181,1393,H,0,0.089552239,-0.041666667,-0.285714286,0.625,0.545454545,0.214285714,0.423076923,-0.416666667,0.083333333,0.4375,0.25,-1,0.4,-0.3125,1
2014,113,1181,1439,H,0,0.268656716,0.16,0.238095238,0.727272727,0.705882353,0.222222222,0.333333333,0.666666667,-0.173913043,0.55,-0.6,0.583333333,0,0,1
2014,121,1181,1448,H,0,0.120481928,-0.037037037,-0.122807018,-0.166666667,-1.333333333,0.5,0.457142857,-0.176470588,0.05,-0.071428571,-0.454545455,0.222222222,-0.25,-1,0
2014,124,1181,1314,H,0,0.127659574,-0.066666667,0.086206897,0.333333333,0.458333333,0.464285714,0.375,0.588235294,0.210526316,0,0,0.1,-1,-0.095238095,1
2014,130,1155,1181,N,0,0.015625,0,0.214285714,-0.25,-0.214285714,0.117647059,-0.157894737,0.533333333,0.047619048,0.181818182,-0.571428571,0.285714286,-5,0,0
2014,131,1181,1301,N,0,0.105263158,0.034482759,-0.12,0.625,0.166666667,0.076923077,0.375,-0.166666667,0.058823529,-0.076923077,-0.142857143,0,-0.5,-0.052631579,1
2014,132,1181,1438,N,0,0.123287671,-0.136363636,-0.333333333,-0.5,-0.153846154,0.692307692,0.692307692,-0.153846154,0.25,-0.555555556,0.222222222,-1.666666667,0.333333333,-0.875,0
2014,137,1181,1273,N,0,0.088607595,0.115384615,-0.369565217,-1.666666667,-1.714285714,0.458333333,0.517241379,-3.25,0.2,0.058823529,-0.444444444,-0.75,-1,-0.4375,0
2015,11,1181,1342,H,0,0.605263158,0.558139535,0.242857143,0.882352941,0.59375,0.428571429,0.294117647,0.5,0.533333333,0.741935484,-0.8,0.461538462,0.6,-0.277777778,1
2015,12,1181,1193,H,0,0.454545455,0.43902439,0.142857143,0.7,0.347826087,0.333333333,0.379310345,0.461538462,0.464285714,0.565217391,-0.461538462,0.615384615,0.6,-0.166666667,1
2015,15,1181,1277,N,0,0.12195122,-0.107142857,-0.196078431,0.25,-0.4,0.666666667,0.592592593,-1.333333333,-0.095238095,0,-0.555555556,0.571428571,0.833333333,-0.352941176,1
2015,18,1181,1396,N,0,0.266666667,0.115384615,0.076923077,0.75,0.458333333,0.444444444,0.481481481,0.176470588,0,0.533333333,-0.8,0.4,-0.166666667,-0.470588235,1
2015,19,1181,1390,N,0,0.154929577,0,-0.087719298,0.6,0.423076923,0.277777778,0.5,0.058823529,0,0.647058824,-0.181818182,0.3,0.5,-0.5625,1
2015,23,1181,1202,H,0,0.414893617,0.487179487,0.149253731,0.416666667,0.366666667,-0.571428571,-0.181818182,0.214285714,0.357142857,0.56,-0.875,0.5,0.2,0.111111111,1
2015,27,1119,1181,H,0,0.212765957,0.15625,0.049180328,-0.6,0.15,0.464285714,0.5,0.611111111,0.259259259,0.285714286,-0.363636364,0.5,0.8,-0.388888889,0
2015,30,1181,1458,A,0,0.12345679,0.258064516,-0.170212766,-0.25,-0.692307692,-0.285714286,-0.157894737,-1.75,0.307692308,0,0.181818182,0.571428571,-0.5,0.052631579,1
2015,42,1181,1189,H,0,0.171052632,0.133333333,-0.052631579,-0.5,-0.176470588,0.466666667,0.678571429,0.357142857,0.214285714,0.2,-0.111111111,0.230769231,0.833333333,-0.4,1
2015,45,1163,1181,N,0,0.149253731,-0.263157895,-0.12244898,0.333333333,0.35,0.692307692,0.6,0.4,0.185185185,0.454545455,0.25,0,0.166666667,-0.470588235,0
2015,56,1181,1405,H,0,0.195402299,0,-0.169811321,0.142857143,0,0.695652174,0.64516129,0.090909091,0.2,0.421052632,0,0.285714286,0.333333333,-0.473684211,1
2015,58,1181,1459,H,0,0.341176471,0.266666667,-0.056603774,0.333333333,-0.058823529,0.526315789,0.538461538,-0.375,0.285714286,0.285714286,-0.555555556,0.545454545,0.333333333,-0.466666667,1
2015,61,1130,1181,H,0,0.26744186,0.035714286,-0.137931034,0.6,0.363636364,0.652173913,0.633333333,-0.117647059,0.291666667,0.3125,-0.083333333,-0.4,0.727272727,-0.533333333,0
2015,65,1181,1448,A,0,0.108108108,-0.074074074,-0.033333333,0.666666667,0.263157895,0.428571429,0.388888889,0.5,0.096774194,-0.307692308,0.2,-0.5,0,-0.5,1
2015,69,1181,1301,H,0,0.136363636,0.264705882,-0.081967213,0.272727273,-0.647058824,-0.75,-0.421052632,-0.7,0.172413793,0.315789474,0,-1.25,0.545454545,0.086956522,0
2015,71,1181,1274,A,0,0.175824176,0,-0.175438596,0.363636364,-0.047619048,0.52173913,0.322580645,-1.571428571,0.038461538,0.133333333,-0.333333333,0.615384615,0.5,-0.095238095,0
2015,75,1181,1257,A,0,0.171875,0.136363636,-0.409090909,0,-0.625,0.277777778,0.291666667,-2.166666667,0.25,0.428571429,0,0.285714286,-1.5,-0.125,1
2015,77,1181,1338,H,0,0.175,-0.12,-0.150943396,0.666666667,0.541666667,0.571428571,0.5,-0.076923077,0.2,-0.214285714,-0.2,0.25,0.4,-0.357142857,1
2015,83,1181,1385,A,0,0.115384615,-0.037037037,-0.127272727,0.375,0.2,0.421052632,0.392857143,0.375,0.3,0.066666667,0.411764706,-0.833333333,-1.5,-0.166666667,1
2015,86,1181,1323,H,0,0.051282051,0.033333333,-0.087719298,0.111111111,0.105263158,0.083333333,-0.235294118,-1,0.071428571,0.277777778,0.083333333,-0.142857143,0.5,0.105263158,0
2015,89,1181,1438,A,0,0.085714286,0.068965517,-0.142857143,0.428571429,0.222222222,-0.125,0.214285714,-0.333333333,0.125,0.076923077,0.111111111,0,0.6,0.142857143,1
2015,93,1181,1210,H,0,0.082191781,0,0.017241379,-0.5,0.368421053,0.5625,0.48,0.266666667,0.111111111,0.142857143,-0.363636364,0.2,0.2,-0.235294118,1
2015,96,1181,1323,H,0,0.32967033,0.25,-0.134615385,0.1,-0.5625,0.65,0.333333333,-0.076923077,0.517241379,0.315789474,-0.1,0.333333333,0.166666667,-0.052631579,1
2015,98,1181,1199,A,0,0.040540541,-0.041666667,-0.038461538,0,0.285714286,0.238095238,0.185185185,-0.083333333,0.047619048,0,-0.272727273,-0.5,0.285714286,0.095238095,1
2015,103,1181,1393,A,0,0.098765432,-0.071428571,-0.172413793,-0.125,-0.4375,0.65,0.391304348,0,0.333333333,0.2,0.375,-0.5,-2.333333333,-0.058823529,1
2015,107,1181,1314,H,1,0.021505376,-0.147058824,-0.272727273,0.727272727,0.352941176,0.235294118,0.34375,-0.428571429,0.088235294,-0.157894737,0.294117647,-0.428571429,0.375,-0.588235294,1
2015,110,1155,1181,H,0,0.278481013,0.258064516,0.084745763,0.375,0.095238095,0.25,0.071428571,0,0.148148148,0.3125,-0.25,0.272727273,-5,-0.066666667,0
2015,114,1181,1439,A,1,0.054347826,0.111111111,0.016666667,-0.181818182,0.041666667,-0.083333333,0.304347826,0.214285714,0.105263158,0,-0.2,0.625,0.2,-0.111111111,1
2015,117,1181,1393,H,0,0.256756757,0.310344828,-0.06779661,0.555555556,0.125,-0.4,-0.058823529,-0.117647059,0.296296296,0.421052632,0.111111111,-0.625,0.571428571,-0.363636364,1
2015,121,1181,1448,H,0,0.452631579,0.342857143,0.1,0.571428571,0.269230769,0.785714286,0.411764706,0.363636364,0.413793103,0.565217391,-0.538461538,0.384615385,0,-0.2,1
2015,124,1181,1314,A,0,0.082352941,-0.035714286,0.016666667,0.1,0.346153846,0.363636364,0.481481481,0.2,-0.157894737,-0.416666667,-0.545454545,0.25,-0.75,-0.25,1
2015,129,1181,1301,N,0,0.307692308,0.322580645,-0.055555556,0,-0.357142857,0.307692308,0,-1.111111111,0.19047619,0.133333333,-0.666666667,0.5,0.428571429,0.25,1
2015,130,1181,1323,N,0,0.133333333,-0.076923077,-0.196078431,-0.333333333,-1,0.652173913,0.423076923,-1,0,0.214285714,-0.181818182,0.125,0,-0.222222222,0
2015,137,1181,1352,N,0,0.337209302,0.285714286,-0.218181818,0.363636364,0.090909091,0.625,0.666666667,-0.3,0.46875,0.517241379,0.25,0.125,0.5,-1,1
2015,139,1181,1361,N,0,0.275362319,0.35483871,-0.053571429,0.571428571,0.066666667,-2.333333333,-3,-1.333333333,0.275862069,0.647058824,-0.2,0.125,0.142857143,0.307692308,1
2015,144,1181,1428,N,0,0.09375,-0.047619048,-0.326086957,-0.25,-0.7,0.428571429,0.407407407,-1.111111111,0.208333333,-0.5,-0.066666667,-0.285714286,0,-0.294117647,1
2015,146,1181,1211,N,0,0.208955224,-0.045454545,0.105263158,0.666666667,0.45,0.588235294,0.5,0.1,-0.217391304,0.181818182,-2.5,0.777777778,-0.333333333,-0.230769231,1
2015,152,1181,1277,N,0,0.243902439,0.148148148,-0.098039216,-1.666666667,-0.909090909,0.607142857,0.552631579,-0.25,0.166666667,0,-0.666666667,0.5,0.2,-0.526315789,1
2015,154,1181,1458,N,0,0.072463768,-0.04,-0.192307692,-0.6,-0.833333333,0.588235294,0.476190476,-0.714285714,0.107142857,-0.75,0,0.2,0.714285714,-0.142857143,1
2016,11,1181,1373,H,0,0.193548387,0.096774194,0.029850746,-0.142857143,0.346153846,0.481481481,0.405405405,0.1875,0.033333333,-0.2,-0.636363636,0.111111111,0.5,-0.666666667,1
2016,12,1136,1181,H,0,0.333333333,0.275,0.202702703,0,0,0.695652174,0.566666667,0.428571429,0.291666667,0.222222222,-1.857142857,0.866666667,0.571428571,-0.411764706,0
2016,15,1181,1246,N,0,0.146666667,0.258064516,0.191176471,-0.5,-0.272727273,-0.25,-0.263157895,0.111111111,-0.086956522,0.375,-0.7,0.6,-0.125,0.045454545,0
2016,18,1181,1433,N,0,0.1,-0.111111111,-0.185185185,0.444444444,0.416666667,0.5,0.6,0.230769231,0.142857143,-0.071428571,0.066666667,-0.166666667,0.857142857,-0.866666667,1
2016,20,1181,1207,N,0,0.022988506,-0.115384615,0.018867925,-0.111111111,-0.210526316,0.310344828,0.324324324,0.461538462,-0.1,-0.416666667,-0.3,0.571428571,-1.5,-0.318181818,1
2016,23,1181,1463,H,0,0.234567901,0.103448276,-0.084745763,0.375,0.304347826,0.555555556,0.48,-0.230769231,0.115384615,-0.307692308,-0.4,0.538461538,0.5,0,1
2016,27,1181,1429,H,0,0.38372093,0.35483871,-0.054545455,0.555555556,0.1875,0.333333333,0.333333333,0,0.451612903,0.5,0.125,0.1,0.777777778,-0.05,1
2016,30,1181,1231,H,0,0.210526316,0.263157895,0.23943662,0.333333333,0.28,-0.4,-0.5,0.5,0.15,0.263157895,-0.428571429,-0.2,0.166666667,0.055555556,1
2016,33,1138,1181,H,0,0.277108434,0.08,-0.116666667,0,-0.6,0.633333333,0.540540541,-0.333333333,0.151515152,0.181818182,-0.875,-0.2,0,-0.75,0
2016,43,1181,1204,H,0,0.34,0.194444444,-0.089552239,0.090909091,0.08,0.95,0.848484848,0.391304348,0.5,0.111111111,0.25,-0.2,0.625,-1.363636364,1
2016,47,1181,1428,N,1,0.025641026,0.172413793,-0.238095238,-1.25,-0.526315789,-0.157894737,-0.25,-0.214285714,0.477272727,0.352941176,0.7,-1.666666667,0.4,0.259259259,0
2016,56,1181,1189,H,0,0.367924528,0.35,0.12987013,0.076923077,-0.066666667,0.625,0.3,0.421052632,0.416666667,-0.055555556,-0.181818182,0.3,0.714285714,-0.2,1
2016,58,1181,1253,H,0,0.211538462,0.03030303,-0.030769231,0.166666667,0.321428571,0.620689655,0.454545455,-0.7,-0.173913043,0.052631579,-1.375,0.285714286,0.166666667,-0.578947368,1
2016,61,1130,1181,A,0,0.207317073,0.107142857,-0.14,0.222222222,0.333333333,0.45,0.516129032,0.222222222,0.25,0,0,0.363636364,0.75,-0.368421053,0
2016,65,1181,1448,A,0,0.173913043,0.032258065,-0.118644068,0.142857143,-0.055555556,0.5,0.25,-1.222222222,0.086956522,-0.142857143,-0.857142857,0.25,0.555555556,0.047619048,1
2016,68,1181,1439,H,0,0.289156627,0.214285714,0.017241379,0.8,0.48,0.2,0.178571429,0.181818182,0.212121212,0.294117647,-0.142857143,0.4,0.666666667,-0.315789474,1
2016,72,1155,1181,H,0,0.072463768,0,0.071428571,-0.714285714,-0.529411765,0.769230769,0.428571429,0.545454545,0.222222222,-0.0625,-0.076923077,0.444444444,0.75,-0.117647059,1
2016,75,1181,1323,A,0,0.041666667,0.189189189,0.219178082,-0.625,-0.470588235,-0.294117647,-0.476190476,0.294117647,0,-0.214285714,-0.571428571,0.333333333,-0.5,0.291666667,0
2016,77,1181,1393,A,0,0.030769231,0.076923077,0.125,0.083333333,-0.583333333,-0.75,-0.111111111,0.296296296,-0.041666667,0,-0.111111111,0.166666667,-2,-0.066666667,0
2016,82,1181,1301,A,0,0.112359551,0.03030303,-0.016666667,0.181818182,0.153846154,0.4,0.263157895,0.090909091,0.090909091,-0.176470588,0,-0.2,0.25,-0.125,1
2016,84,1181,1274,H,0,0.135802469,0.161290323,-0.016666667,0.125,0,0,0,-0.416666667,0.043478261,0.64,-0.5,0,0.875,0.176470588,0
2016,92,1181,1210,A,0,0.111111111,-0.103448276,-0.254237288,0.75,0.166666667,0.428571429,0.368421053,-0.5,0.193548387,0,0.363636364,-0.25,0.4,0.055555556,1
2016,96,1181,1301,H,0,0.08988764,-0.153846154,-0.25,0.466666667,0.482758621,0.36,0.393939394,-1,-0.083333333,0.3,-0.2,0.25,0.25,-0.444444444,1
2016,98,1181,1257,H,0,0.095890411,-0.181818182,-0.25,0.4,0.181818182,0.5,0.482758621,-0.222222222,0.115384615,0.083333333,0.142857143,-0.5,-1,-0.533333333,1
2016,103,1181,1438,H,0,0.015625,-0.125,-0.057692308,0.666666667,0.47826087,0.1,0.411764706,0.454545455,0.12,-0.076923077,0.272727273,0.333333333,0,-0.428571429,1
2016,107,1181,1314,A,0,0.013333333,-0.107142857,-0.075757576,0.75,0.3,0.071428571,0.058823529,-0.583333333,-0.208333333,-1.25,-0.375,0.714285714,-1,0.0625,1
2016,110,1181,1257,H,0,0.097222222,0.24137931,0.157894737,-0.428571429,-0.166666667,-0.4,0,0.166666667,0,0.333333333,-0.583333333,0.333333333,0.75,0.090909091,0
2016,115,1181,1199,H,0,0.185185185,0.034482759,0.166666667,0.4,0.444444444,0.5625,0.428571429,0.266666667,-0.285714286,0.470588235,-1.666666667,0.636363636,-0.666666667,-0.466666667,1
2016,118,1181,1338,H,0,0.181818182,0.344827586,0.140350877,-0.333333333,-0.571428571,-0.230769231,-0.0625,0.529411765,0.416666667,0.476190476,0.066666667,-0.666666667,0,0.2,0
2016,120,1181,1448,H,0,0.1,-0.166666667,0.046875,0.111111111,-0.047619048,0.576923077,0.538461538,0.266666667,-0.178571429,-0.142857143,-1.111111111,0.769230769,0,-0.421052632,1
2016,124,1181,1314,A,0,0.051948052,0.037037037,0.081081081,-1.8,-0.458333333,0.523809524,0.333333333,0.678571429,0.421052632,0.25,0.533333333,-0.833333333,0,-0.2,0
2016,128,1181,1301,N,0,0.032258065,-0.088235294,-0.03125,0.230769231,0.25,0.4,0.47826087,0.090909091,-0.130434783,0.210526316,-0.4,0.333333333,0.166666667,-0.285714286,1
2016,129,1181,1323,N,1,0.058823529,0.161290323,-0.213114754,-0.5,-0.761904762,-0.055555556,0,-0.4375,0.366666667,0.166666667,0.368421053,-1,0.25,-0.181818182,0
2016,136,1181,1423,N,0,0.085106383,-0.033333333,-0.254545455,-1.4,-0.6875,0.53125,0.545454545,-0.076923077,0.24137931,0.083333333,0.090909091,-0.2,0.555555556,-0.789473684,1
2016,138,1181,1463,N,0,0.097222222,-0.083333333,-0.294117647,0.583333333,0,0.266666667,0.176470588,-2.5,0.041666667,-0.076923077,-0.090909091,0.142857143,0.25,0.105263158,1
2016,143,1181,1332,N,0,0.168674699,0.181818182,0.090909091,0.272727273,0.041666667,-0.111111111,0.111111111,0.538461538,0.096774194,0.434782609,0,-0.25,0.333333333,-0.111111111,0